insert into korisnik (korisnicko_ime, lozinka) values ('mdaknfc6a9aggqu96th ', 'k4f6g5t038t1 6uhxa73');

insert into korisnik (korisnicko_ime, lozinka) values ('7cu0hbii8qsro82m2y11', 'n7rigu7g11l600ibwv3i');

insert into korisnik (korisnicko_ime, lozinka) values ('3lu4ypf2n0fwr8yvj4t7', 'v2r iobmjtsdw6dp3fw5');

insert into korisnik (korisnicko_ime, lozinka) values ('qphw71foi8ndh r29hx9', 'ym2watnj1ebmbmbgwvh8');

insert into korisnik (korisnicko_ime, lozinka) values ('lu du2prldir9dkmrox3', 'u 6jpp9bxdxnitenmgal');

insert into korisnik (korisnicko_ime, lozinka) values ('56sr2ux19nqx0oetddim', '7wpnsisrdpm94dojbvfq');

insert into korisnik (korisnicko_ime, lozinka) values ('aflk1jtuqyjfl2sdgmf0', 'ba 79e1q50lkprlb2rj ');

insert into korisnik (korisnicko_ime, lozinka) values ('da0swr6vq7nx8oa6nfs5', 'qkdefvfdnykwbrwjmmng');

insert into korisnik (korisnicko_ime, lozinka) values ('qjfc2mr4blm3ispab67a', '6xd9jbbvp4p v300sm46');

insert into korisnik (korisnicko_ime, lozinka) values ('wy4w4c38dotr901o8ymh', 'o87mrp88yl5ah2a1rsho');

insert into korisnik (korisnicko_ime, lozinka) values ('cx6j50jga0j0bgqemktl', 'qn85ow3ps79ohu1uyebl');

insert into korisnik (korisnicko_ime, lozinka) values ('vc1lww5gdl3o7r2qb611', 'oaqxcrp0c9 bpwtm3fh5');

insert into korisnik (korisnicko_ime, lozinka) values ('x8m31w3xhfl8hvc7alru', 'gl583v6rql8k7nv3oosv');

insert into korisnik (korisnicko_ime, lozinka) values ('8glip2haiyhdeo2skyin', 'er isq 62198g8vylavn');

insert into korisnik (korisnicko_ime, lozinka) values ('hvqb 4eq1e854vfhlsxx', 'gdwp2idttxi129 4ljy6');

insert into korisnik (korisnicko_ime, lozinka) values ('tfyit4vh m6cerw6oco3', 'l0w1ww8h3 rx1bxbpl86');

insert into korisnik (korisnicko_ime, lozinka) values ('uk4uwlkqoq8jt0b5e78r', 'p lifjo5a0vrok1pisv9');

insert into korisnik (korisnicko_ime, lozinka) values ('wc j1v18g8grg6aixqw3', 'sqq7yat8oktfrsl0od5t');

insert into korisnik (korisnicko_ime, lozinka) values ('smg5mm7ldjp9g0ncbvc4', 'lahmernlhi79u9x95os2');

insert into korisnik (korisnicko_ime, lozinka) values ('ptqyjbx03w  u3wyyi0w', 'kxq00nrv0emfpwh6sm 7');

insert into magacin (sifra_magacina, naziv_magacina, adresa_magacina, sef_magacina, telefon_magacina) values ('dj6vm', 'fyglka3i4pkkygqpn qvypjpp44pqt6voggume6yukc9rldwx1', 'heh5ma20 5r7g4vybenw5nru66gjtb8j2c02e5pbn9y82iag9g', 'migpqunu1wrwrie79uta9c0llguqtu81gx7rta4ha7tk3kmk06', '0jlse45idouqjh8etrsp');

insert into magacin (sifra_magacina, naziv_magacina, adresa_magacina, sef_magacina, telefon_magacina) values ('bbnoa', '0j62nwhyrtuqh4nxycv907ruuvv0sag4p9cm6linu4bdcu3f2w', '2bvcrdhutoccnawc0rb9fq0fmvtgxi63kd8gm9ojroblds1hdv', 'fsumx6cfavmp6n9ppya21lsy ja9s7l48r0b4c1dh286e64 uv', '01ekr0gcc2xwqbrhyg j');

insert into magacin (sifra_magacina, naziv_magacina, adresa_magacina, sef_magacina, telefon_magacina) values ('ikr6q', '3wr0xn3jyvn0vm sa1kq85xchy6xim0a9g6i7o4c0i5qlk1u71', 'm44wd0xtvskwu3u1jccsbwv3few 0dpqn2wlisuge9clmri 2c', 'l4pjm2skijgqemm8uhn6pg 0vqpfvjj3fmx3q2s95go6na07mc', '364osjumso295uyq2s10');

insert into magacin (sifra_magacina, naziv_magacina, adresa_magacina, sef_magacina, telefon_magacina) values ('xb70r', 'qov0l xyyp8wx3pag96c0c9g0fsl20ij85gffhjy7wc83x0wd6', '7chuh4cvyw vfape6tux4slglqcotj5psgvqqlt3iqjes759qn', '464mb93 fl2sp sw2gs8j5u73ybdwj1al8uf2bprhc4vbwwc07', 'i9dvod9frt52t0pt7ayn');

insert into magacin (sifra_magacina, naziv_magacina, adresa_magacina, sef_magacina, telefon_magacina) values ('w1qx8', '9ove9ckkg2csym3bra18jnymoaq81y8nmdvcs0lyb 5njivpe4', 'eq01n2jun91w5yh35ybp3e76y6oohlhlvatntd08a  y28sa8b', '7enml6tv8sp0yusm82viu08o7he1dm5da5r2nwj6x50clpt3ee', 'f2doy4u2lrf1bbwiyno7');

insert into magacin (sifra_magacina, naziv_magacina, adresa_magacina, sef_magacina, telefon_magacina) values ('checs', '5icysfwe6dx8vf9t6w fgux rujlnbn3efoxs8fjqm4onow  o', 'wmqdf0cfr8w3yt8qgqpxc8txpdnaefrhln7wqb6s rfpu99y7k', 'e6usn1920lyhhd mjph0ghqnc2dpgraxbife791n5lttf04qpo', 'erfydr16q1uxog6s18 w');

insert into magacin (sifra_magacina, naziv_magacina, adresa_magacina, sef_magacina, telefon_magacina) values ('bf20u', '5oyvmcjmje2iq2j4krlfhbr5bgfy1kk703j3g2u4dn93ijajbs', 'tkbk89vg9a4ea3ng0q3dqoebw2ly8e92ny263lx4ab av827ok', 'yfaur7aq3vx3jwclh9vl0  ycr0hbx 132cqybhqrc 2o27f9x', 'hred91fb7dd0jmx37i8j');

insert into magacin (sifra_magacina, naziv_magacina, adresa_magacina, sef_magacina, telefon_magacina) values ('nc2fd', '7ny5hk4p 2ma5x ve5kjybsqyiusj8c89aj6uq8xhivf5nj2gw', 'spvxtp9ow0 tgrqs03h 205bea2enusybyvpvdf qruehxojsj', '7oheml6jsgve3rb4e y9idofx0w qx948lk 789iuy  vp9vsv', 'd203xwq61knte0hku35 ');

insert into magacin (sifra_magacina, naziv_magacina, adresa_magacina, sef_magacina, telefon_magacina) values ('po m2', 'haq7o chr5aee79ofnl0scu57lf6ibd7iqei7hgsf2x5s5f7nq', '1sbeb6xt0ixxwcjvnpxdeadmqsse2mevuvf6aohddt9nn5jgmv', '8t4vgmnmaroyarls2dxkv8qfj35ottc11k cyig2m8x6euf4mx', 'mbfpro2n7n8b7hbx4t00');

insert into magacin (sifra_magacina, naziv_magacina, adresa_magacina, sef_magacina, telefon_magacina) values ('9pt6n', 'o18wecnpj72iol2uabebbhuq13simo08yb8sxv6d ekoi5d8vl', '6h6tc91xmrjf2nmgyxkh9ob3supoprppi4sridq905s5chj59w', '15ignp9xra8jikemuvcxaxjtbaxlbxonriy 71m8m60u5y5ugc', 'mdchk62vl3hdwlttt5gt');

insert into magacin (sifra_magacina, naziv_magacina, adresa_magacina, sef_magacina, telefon_magacina) values ('4pct6', 'nqj3t36uw 5c6ie9s9syfrd9o2f9e5l8j37hwpwvybxshqy76s', 'p7rjjde3q3o2c qba3xx9kqhgyyad1fyado a8tjghfsl0attu', '2sk4dnrsjditf6f0bvm4xhltvnr3tpomt680bi845nqxuubxw9', 'v1tj9cucq t4irvqoa75');

insert into magacin (sifra_magacina, naziv_magacina, adresa_magacina, sef_magacina, telefon_magacina) values ('oi71m', 'u6vta8e0lryiy 0w  gquj2gb23loey0kjq0dmy2nvkxgk8v19', '10m5d7cw20dkenyc36dlh1mw6hyfi gtitfjbi6y0ubku7cgaf', 'm 6rpmx1b9ud9gmdtebtnnx57romsiejg39tvwh9c5bl5hqrbf', '5i8ibo6ie5217wgynm e');

insert into magacin (sifra_magacina, naziv_magacina, adresa_magacina, sef_magacina, telefon_magacina) values ('n761w', 'k3o5mibm0jkywnvg1laovwu8mlojnv4g7a2w9rc8wlox6n7qld', '2rn108fxi9htft9souo7ryg1jb7g3xu77heqfbyyu001uhjg h', '1n0mcnp6h38up4xdq15t5qvv8u6aqwap2rd865kilk1x1pd31k', 'i5x yamtqpgymmumu7mi');

insert into magacin (sifra_magacina, naziv_magacina, adresa_magacina, sef_magacina, telefon_magacina) values ('fm1bs', 'rlxcwv6f6f1vg20hqwyle8bi4954nmyvid8e2a6yknf0s1gig4', 'erwpa3xgrxxvn46xhwpuun2jr  fviib6chvrmv3irmcvyvmi0', 'kju hx87bcfju7ljsigrnh3 oqv2mxa263qqa9vhi00jkcs1ch', 'c bapwva 9 1dohn0pdj');

insert into magacin (sifra_magacina, naziv_magacina, adresa_magacina, sef_magacina, telefon_magacina) values ('f6qtb', 'xm26im2uh9opi8b 586abdih4ogquvyjnjd7l mf4gd2ebxbb5', 'qhg5v35n331uxkipd2cf9p9ux9yoqjw6eseveedogw4fewoaiq', 'hta7vxl0y51 ix4d9vx7e3qktymwey5 wqf7lmblc3lre7i77e', '6pkkme53yo854bvogrsx');

insert into magacin (sifra_magacina, naziv_magacina, adresa_magacina, sef_magacina, telefon_magacina) values ('uku3y', 'i50jo6q9at5q2wy8wrfa0pbad4jk74pkyjk rt3goh8un0vqtp', 'tdk6mlmhldo0s5o5lafjfde4hhnep7tb7mss 7kqsa9u3egy83', 'lgw208kyp24pdtk4hfq0c1e5o6hlkeki 557e28v hc87onqf7', '93qau39ouej660soetuh');

insert into magacin (sifra_magacina, naziv_magacina, adresa_magacina, sef_magacina, telefon_magacina) values (' 81x6', 'mvf7lgsqn5 3g5xixvjhe haoqkfraqblq6gqsa57s6t3obl 1', '501q90ra kf7a3wdf8ffmptug7kytft3eordemwe57hqyah1jn', 'hnbxorbj2eejnjbvuu 227968au6lhsawqrq4h l8pc72 djc1', 'bpb10j6rptd76i9wcbyb');

insert into magacin (sifra_magacina, naziv_magacina, adresa_magacina, sef_magacina, telefon_magacina) values ('p27nq', 'q33u55ugpra6v9jhhttc20g prf1knay6iu3nhwt0ec yogipm', 'yqnx9luopmqs28gwyk902ehn7tu0v5oj98mvy9i8sqa21p6cn9', 'w5losjt6jt3hktq5cru1qfu3kvnifhuh95l1cgsvl17wbckfpb', 'ubjqy7l6qpse5ueuhjr2');

insert into magacin (sifra_magacina, naziv_magacina, adresa_magacina, sef_magacina, telefon_magacina) values ('qvp6g', '7aufithdgdpy7qpfp g0t8gp4c704q71iyvt51jwiw78w76kwx', 'a2q4tlu61a7h0stohx0p3awel92sx6t0xnpik5b8m2 u4rwh8e', 'cd5miyfwjwdjbk8r79a3q1a3766urrklcha3p78j74htga2mri', 'wufp2p2kvk hjb3f8a9h');

insert into magacin (sifra_magacina, naziv_magacina, adresa_magacina, sef_magacina, telefon_magacina) values ('e8unw', 'mx9t1 32f60rb7ps 3 2um905lauhg1ious9sc05xiixh4yhgk', 'u pmuap9pwnw23pg0onrc r5xb76mrvf5a1gasutwoqgvf56 v', '8 agqw kgwvl8jytkej0l2xwuoqrdrhf3ymt02hlvxltmwu99y', 'hp3p82vqy5gd21nscvx7');

insert into kurs (datum_kursa, ron_evro) values ('1210-11-2', 14);

insert into kurs (datum_kursa, ron_evro) values ('230-1-9', 1);

insert into kurs (datum_kursa, ron_evro) values ('1424-8-28', 11);

insert into kurs (datum_kursa, ron_evro) values ('1912-3-27', 16);

insert into kurs (datum_kursa, ron_evro) values ('1-1-1', 7);

insert into kurs (datum_kursa, ron_evro) values ('1630-3-7', 15);

insert into kurs (datum_kursa, ron_evro) values ('1002-2-1', 17);

insert into kurs (datum_kursa, ron_evro) values ('817-2-4', 19);

insert into kurs (datum_kursa, ron_evro) values ('593-6-28', 10);

insert into kurs (datum_kursa, ron_evro) values ('305-2-16', 0);

insert into kurs (datum_kursa, ron_evro) values ('1319-3-25', 12);

insert into kurs (datum_kursa, ron_evro) values ('148-8-4', 2);

insert into kurs (datum_kursa, ron_evro) values ('1492-2-6', 4);

insert into kurs (datum_kursa, ron_evro) values ('1767-9-2', 13);

insert into kurs (datum_kursa, ron_evro) values ('899-8-12', 8);

insert into kurs (datum_kursa, ron_evro) values ('399-3-2', 9);

insert into kurs (datum_kursa, ron_evro) values ('696-3-11', 6);

insert into kurs (datum_kursa, ron_evro) values ('1137-10-27', 5);

insert into kurs (datum_kursa, ron_evro) values ('539-8-31', 18);

insert into kupci (sifra_kupca, naziv_kupca, naziv_kupca2, adresa_kupca, grad_kupca, drzava_kupca) values ('   ', 'cnn2c776wy5 aan4mjt13v8660d10dir5s3kya5h5q0mnqykow', '4a93e9hsk94db2t9k48dek264iihse7oqf61ysvia wblq2 vk', 'fdw9imtynv4rthe050idkr7 qjo43969r2kpsi4abl4ed94241', 'd 0pyqtk1wxia1y9jgqc3pgcvlccfh', 'uv5pl318px7jxufa2xvd9vsd2hpfof');

insert into kupci (sifra_kupca, naziv_kupca, naziv_kupca2, adresa_kupca, grad_kupca, drzava_kupca) values ('  0', 'n91e9rbgi8nbfsxk4460fx4jj38nhbn6u82b5x6yvrmiy9umwd', 'yq7wbe ul6x3n8f7cdl7 tw0vhq4fq538qwutrpl5axnalcik4', 'o a8xmuwvv7ngp94c7l8igxxucl5hegv56p7bfi5js2wlxbrv5', 'y163dbbl19t2mlddb luer2um5utbg', 'q73fpwlg4b57bf3f8k1atvxhk4a d0');

insert into kupci (sifra_kupca, naziv_kupca, naziv_kupca2, adresa_kupca, grad_kupca, drzava_kupca) values ('  1', 'elsbdtotykyotsaiwsmrx6keny54a71pm6yuojq c0u9kpbew ', 'fh6x1q12fdngr m 1y08o1j3edi 0w6fgvykpc3a9xong7e147', 'a0j3wx9wxvi8wsjfq66f w4s9la2w7o2cm6l9ral3pljr0bfg7', '58a0730ml2tyutbng25qbio9l8ld1u', '2m02e1ng025kxmbuknkv8dtvbhfnng');

insert into kupci (sifra_kupca, naziv_kupca, naziv_kupca2, adresa_kupca, grad_kupca, drzava_kupca) values ('  2', 'ajyf4u5s1lp1lck hyx6honnnyjgo 15rvofjf52j9tey8i9xe', 'gbk8rrxvt6eu8dkxy1btdfrikccjdkgow3j3ilx0sgvgf2me05', 'mf4s 1jppxpp8uger5qjq6vgm20sy72u8 ffdyqvc61kxmd42q', 'nvyyfpe6j1f96qgh2qj7839ag5dgft', '2mql3aexh3ysqd80yl1lhbir7j0e45');

insert into kupci (sifra_kupca, naziv_kupca, naziv_kupca2, adresa_kupca, grad_kupca, drzava_kupca) values ('  3', '8s2np2pyf3g2 khltg4cc fve4 5hbp5tx1h3ybo457d2isv4e', 'pwvqc5j30m37bv92493vtwan6q6raf38457ia4 0fqrnwjjd84', 'nfbt8htcchq1 6yf5khb 568u31u36911nnublto0fviqv7y2w', 'xo4bjv553o62jbvebebwsil2pli992', 'ylx6djka64ckgroml ol6l5k4w 6h ');

insert into kupci (sifra_kupca, naziv_kupca, naziv_kupca2, adresa_kupca, grad_kupca, drzava_kupca) values ('  4', 'nl4ogkfiwl4f3h2odiy lvprv99b04llbwhe8p1gcxpyc0hpgw', 'hxu095hfel8ea58uq3v gqy27n9nyo9wb371ttd2uuyxya14cv', 'e4f6ibtop7qfxolgbwe9n7 yjg00pgq63nf45f6p2pkc0vl3p ', 'swl88ktmuci7cr07dxy3mpuh1os8uv', 'i8iwrjky708f4mggxsyvnphbxsr t1');

insert into kupci (sifra_kupca, naziv_kupca, naziv_kupca2, adresa_kupca, grad_kupca, drzava_kupca) values ('  5', '5wokckt 7ba3cxos3dayibd888lks41k7ei1fpri6xppmtpkau', '7lmedixxeiv3xkusy 93sxtsx hl1uq9b4dpur2a7qtcex1f43', 'xdtrxhr ocol97ghko8awk2l1uys1w68he401hgkr3owhsahf3', 'mcw01qkw1lkcqnkodns6wfo8mfx0l8', '5dl4yn lsmxvfh92tkksowmwfncpj0');

insert into kupci (sifra_kupca, naziv_kupca, naziv_kupca2, adresa_kupca, grad_kupca, drzava_kupca) values ('  6', '1892hcbpvavna67c ugvwl3k9aw7tb04wrx6g 7t5kohu80ixw', '0x64apgrgi2o3o6wpv0bgjg4hn9iifkymsajwysrn2f1flnprn', 'bhlqmgpfh8k6y8ubwfadiveyqlur9tx4ecioj4b3uwha8ovps6', 'kt5grl8m07xy27s7k j3w4hid4kdc4', ' gawjkduqchlvu2lwq83u5ky04ds1l');

insert into kupci (sifra_kupca, naziv_kupca, naziv_kupca2, adresa_kupca, grad_kupca, drzava_kupca) values ('  7', '4brtlovermrxyk118lnkt 84feo 3r1a9schxqctx1r1ejou3v', 'ufkivvnrgnib5dwqdsyu4r sr69ifhwap5h52dc egykihp9yc', 'aoouw99rh11v 1tyjwjosfm7rn2pokwb7xlsst077i4droe9a ', '2w0jy9w4yofuknq1mb99tt3s qrhh7', 'xphs47pr7dqqx78ivxuifb7urrwdj7');

insert into kupci (sifra_kupca, naziv_kupca, naziv_kupca2, adresa_kupca, grad_kupca, drzava_kupca) values ('  8', 'oarqxwfo7ik vhtl1q09cqa1f39et9l2n7alu7537l6205yilf', 'euhuio62ux8gkoha0ajbo5utdqco3h4eucvdgd5i4fm8f2bfmx', '8k6hvcynfmhhom ov8oy8ie5waldbvxh5govyccs61mm2m6hy ', 'y55tmvkem3 y0shgk02qlpxxh6lt00', 'v7tmxeq7jkctesb2fvwgj9xt5hvv2o');

insert into kupci (sifra_kupca, naziv_kupca, naziv_kupca2, adresa_kupca, grad_kupca, drzava_kupca) values ('  9', 'dsjhyora6mhmxr1295mj81wufyva0x89awfr3k6nfmjjg2rf9x', 'qp l f1f4na 8yjs5w6yk2km2k8fv0c0ytp7fqs79box6rfo2e', 'ckk26vqvw15ae o9pqp vk3volbp 184r102aqupa2yr757aqq', 'ji49lxybxds2xsyejta8vht118rbfq', '4nsvk3lp63q93ktjs21ipu3x7ff5ui');

insert into kupci (sifra_kupca, naziv_kupca, naziv_kupca2, adresa_kupca, grad_kupca, drzava_kupca) values ('  a', 'opgdxncmq5dqjpl8gk2vixwxqwrn3nhmfurhb7p3vapbiyvdx3', '84q3g4 k 365yjg6gd7y7q5yq04f2kd0a0dqnjlor1muvkdm 3', 'ds4gvbal6 9x020b0g5qelje39jn 0g3l4a14uccrdkvhhdwey', 'hxdqxm3ctsdc lcrrq349 ou8hpccb', ' h752v5kwuk1578c t1mrmsdtan1hk');

insert into kupci (sifra_kupca, naziv_kupca, naziv_kupca2, adresa_kupca, grad_kupca, drzava_kupca) values ('  b', 'g80n70ryiorvst5babifxefirnl2a04vvv98jh94jvu0p91tad', 'o5go037dq9oym87ckuml5hsq3r45r87to2eqyivt2d7gas dw6', 's enljem9639qke3awb7u2jj1lq99qf2yjt8hh3evgn4jd9lnm', 'hpoy01 gai3tnee9osx8uege1gcstp', 'sclot0qqb9sbfbkkgnbsks3pt0cly7');

insert into kupci (sifra_kupca, naziv_kupca, naziv_kupca2, adresa_kupca, grad_kupca, drzava_kupca) values ('  c', 'b21le g7jtpu6q7idqtvp5vgxqem785n lsst1w nslm5qfgq3', 'l0p j5uhgfjg9jgcjm3bskko4oursv75djcdkuh88gmwbtma15', 'vfwjhyitrp8er30jj2ist j9lx1c0clw4sw3xxici90yf4 6a3', 'a9n98eufo0m6vfw9xqa09 xijue4sa', 'tjtbpqqa83ap2j856p 5il5d 4oewt');

insert into kupci (sifra_kupca, naziv_kupca, naziv_kupca2, adresa_kupca, grad_kupca, drzava_kupca) values ('  d', 'kth3n8wiqomugn7cj3hdaihd62 9pg8y  w86h2l7694yf eap', 'cv1f2uo9kew5w2gxw6kw35hgpktq73p2mtyqtdqwnbu1ow0085', '0hli3dsdjsxsyd9x8jlf5ysriyxyklsik7uwyn0chln59repl9', 'sf8cq8 1rnykkce6pk4nhxmkw4uj61', 'cj no1rld tb7l 3i697auvomwt193');

insert into kupci (sifra_kupca, naziv_kupca, naziv_kupca2, adresa_kupca, grad_kupca, drzava_kupca) values ('  e', '6x0v4o81jxcv4ty087y271w wwimuksslxno n8ampsk2w nju', 'hv41vkjnavmn17n21cjhr99e7wojtm2fbxhjs3npgdso4f4uuo', 'mb9ib8qk4a22jvu2gvbwy3h4ahosmaq4k69wq1xg9ijt4xrqov', 'esdjmphov8y7heea160m4pd811ondt', '2jbyrs0vu82byapeekpe584ibjsd33');

insert into kupci (sifra_kupca, naziv_kupca, naziv_kupca2, adresa_kupca, grad_kupca, drzava_kupca) values ('  f', 'kbgnova66clibk9xw2x cqxsnw598lwbu6c1 r2d58knxbqpmo', 'a7 5fssnhidm1a9oe367ii5wwntmnn7lic6a2yjp09qxofoclw', 'q8k4ennuhpp91m5huh1kj0owpgfp3m5xri3xdc3camopeof05k', 'll4npreki12u3fkxdlb27ksm3yr2ma', 'vh1d8h3bv pn1u9erbum51efrqeqbw');

insert into kupci (sifra_kupca, naziv_kupca, naziv_kupca2, adresa_kupca, grad_kupca, drzava_kupca) values ('  g', '76a8 oquvoin82p1ukxjq2rhf78bcbuqhilpb4ys2rclet9wcd', '94r7kt83jve4qyt0a3b6fr2uua4jq8kfgiiy6ij4uc4slloi6f', '2n137dp7nc6skx8c9jf9pxyewckb42ufuhf set5ltpmqgq47x', 'p2uj3rdm96bwu97f5fm3yy2cm5kd4s', 'jg7no0fj36nbrvgfhmteix1mn1utdq');

insert into kupci (sifra_kupca, naziv_kupca, naziv_kupca2, adresa_kupca, grad_kupca, drzava_kupca) values ('  h', '8uk765nfh u5ib91btjemchms9a9lywkpsxnn6lounkosco6vs', 'a7dak4sk2kj2qgkp7ugb7tr3m8xgymnngs6eojobse9ydyco1k', '06c8w kswlakfyxmb70itcfvpfyukay8tfbn7grw02f9y1rxev', 'g15n0ukjdfkse8mer2ve6ytkrns3q4', 's  vdij31r0w7m10c5kfog95lxrrew');

insert into kupci (sifra_kupca, naziv_kupca, naziv_kupca2, adresa_kupca, grad_kupca, drzava_kupca) values ('  i', 'u5 dms0d79357252lfg ysnpncvaegwswwd5uv7k6iqhp2om f', 'dkkjkjwmeuxqruxveowqlisxm0j76j3722ab75whsma293qls8', 'u 1t8ka1y5o9e lubdlvlxlvin8oqikkqvloy7ruvbniexbtgb', 'nxeon04s  3a8p180sn007 jv4vx39', '36rdfjwsrc749esea4neluj0m2t3qw');

insert into roba (sifra_robe, sifra_magacina, interna_sifra_robe, naziv_robe, jedinica_mere_robe, komada_u_setu, tezina_robe, kvalitet_robe, cena_evri, cena_roni) values ('2b7lv6pqeaas 7xq09eu1o5lcquicehqij485s7rcah5riw2n4r4ha79df 0rod58woxc31h3fn', 'n761w', 'rgxtj9ubgddcbt2kenyy', '8ge21cuauxcqcfai7f4grr cffwnoqtgdp5p xkh26 kst3fpx7rr a1aaydyadeu235h15pbyytqjl14yyi1ocb42u6bejfmybc', 'ub0o9tu6y0', 1, 13, 'r5acrwegvyx9igw66t8uso5h6h4mb05as1vpyyspjfx7qf g6i', 13, 13);

insert into roba (sifra_robe, sifra_magacina, interna_sifra_robe, naziv_robe, jedinica_mere_robe, komada_u_setu, tezina_robe, kvalitet_robe, cena_evri, cena_roni) values ('qvy72ufem4x8w10fut4ybyioibv3mn 4jj3gc4umru5r3lsh4dn181lu20ijpn9au50l9o3k9q2', 'bbnoa', 'qsm4dj8tudvyvqo21dlj', 'xrjejvksjn1phm7ibx sem2q0n0lt8c0c9lap4kia4n4 l6f x1apekiyjg6oe2peq0e0e3uq0h804fn0t61sfpqpneunfsphbg2', '2ggw7irss9', 10, 8, 'hs73dg4uk7rvxfbuq3cowr  kqt2neo4m758rya 1bxy5rdns0', 2, 11);

insert into roba (sifra_robe, sifra_magacina, interna_sifra_robe, naziv_robe, jedinica_mere_robe, komada_u_setu, tezina_robe, kvalitet_robe, cena_evri, cena_roni) values ('rc13hbckrlgcryku22elc87c wcub6 cis08k2vrpxx 0va9ptucekg8f7mvurx3ugsntf8pvlq', 'xb70r', '7 s6hswvfpxtapylf1ph', 'txoeaekc0x d3u0gm46fgkahbs93l9ivliakxfsyoablk92a7k6c4xh7djlqdvln f9ke7 vt080fbqisc827dair9b96e3kuhcb', 'u8p0ysnnc5', 5, 5, 'nukbceolsftm6glb4ripswyy0skfvw5h61b5ot723g1p3hly16', 3, 5);

insert into roba (sifra_robe, sifra_magacina, interna_sifra_robe, naziv_robe, jedinica_mere_robe, komada_u_setu, tezina_robe, kvalitet_robe, cena_evri, cena_roni) values ('t0qkqxsmykyqd3wn 2m42v3br9nvammw33q0olo upt2 kga sl8g6a6 sac2rx17jfe4ywwgpv', 'qvp6g', '05 f9o c48elj1ohw82c', '2yv7eg 7bbceshc wmu5i1e4x6a122qlxu1bjg6gjn4kqnv71e73tj6ibkdtt20xn42ujeww2n6vb1kn4gen2week ducw5ml3cr', 'k5p34o7c5r', 16, 6, 'ggmtvmomkjp810in9yxjdwlthaqjwd8p2 p7je0k48mmuppt9l', 8, 12);

insert into roba (sifra_robe, sifra_magacina, interna_sifra_robe, naziv_robe, jedinica_mere_robe, komada_u_setu, tezina_robe, kvalitet_robe, cena_evri, cena_roni) values ('kuu3ypou20pbot65f h4ghhjmlppwbc2m6cws2dsm2wbor5e0neo3b 5r3y38y9novvokxd32eh', 'n761w', 'qius wfr5tpekybjai6 ', 'u9leiqled9n1akbeqt8losce4iiqo 990i4l4bakxlpsekq7jj8l7g62pfx6l71uu3rytw335rp8vac7atdsgimnumkkm3ub7j7o', 'ybfsnbbk50', 15, 2, '08ggk 12b70egfh3vvtwgg pb9456grunuwlm67ryejgu3knvw', 9, 6);

insert into roba (sifra_robe, sifra_magacina, interna_sifra_robe, naziv_robe, jedinica_mere_robe, komada_u_setu, tezina_robe, kvalitet_robe, cena_evri, cena_roni) values ('7sdcf44isk51m0a4ttw16d7m1qa4sneom789v0 8f4fhjr86h7r5hh28dd2w4vw21sycq1ffepn', 'fm1bs', 'am7y5k2cj9awr2o0m5x7', '8yt d12evlsu w19aegafn1cp1qp7xhsl04f19l25gkrro1vap9djldrggpd0u51rni tsiw4r40wgidp lkd3yr4tky1f11bfji', 'uux5qprgs2', 6, 4, 's8vxg7dojgsaxkjkdpwh52p7aexdph9ml1kej 8p0ctrjoawlq', 19, 2);

insert into roba (sifra_robe, sifra_magacina, interna_sifra_robe, naziv_robe, jedinica_mere_robe, komada_u_setu, tezina_robe, kvalitet_robe, cena_evri, cena_roni) values ('4ujmcel5 n wqu8a0ncdoo45w8q2aawcnp1lepvqt2 mkdp0j5sqvleh8wr6gdw1nl4wfcj7tdp', 'bf20u', 's7i2eg1te50ypdtew7el', 'hgf8xiqtv535evuvb8n6om6bt9i4g0j20pe9aooqb5sgw chvqoime6o0l7d20t1ggtxlc2lyf cf exqsn49n6ii3arn4k446ky', '3ykc8fadf1', 17, 11, 'vmqth46ppk2inpnj73wbbdjyv602dli2e9dr5ubajwdog0ffvy', 6, 1);

insert into roba (sifra_robe, sifra_magacina, interna_sifra_robe, naziv_robe, jedinica_mere_robe, komada_u_setu, tezina_robe, kvalitet_robe, cena_evri, cena_roni) values ('pjqwakt6gjkfpfk f0tmcmasry ra5kl5xfh70yklu5rhk9d4cilvyr5yv2eost7hdquxra7mfr', 'bbnoa', '438t10xeo98vv1sq0db6', 'yj ipfiltl21q4n4g0oja1aye3w8evuv1ecup6lrkjhvv02gq22sh62e5mtlv3cy901b57v9ukkua9urahomgt0edj8p9v39lktu', 'yes58oeo0h', 9, 12, 'tix2a22lho6q8rrq9rgdyn5a3y1rl 2rby9flwutoj0n0bp76n', 17, 0);

insert into roba (sifra_robe, sifra_magacina, interna_sifra_robe, naziv_robe, jedinica_mere_robe, komada_u_setu, tezina_robe, kvalitet_robe, cena_evri, cena_roni) values ('immd31c418 dlskwx7nnasxp0kkrhnchjxgkgj94s5yoi3rghnkvpm28od4lx90aa6trwgssebx', 'uku3y', '8wl45ax0v1kv yjkahfo', 'gld6hh7jb65i1xqlntuy7lyegtlos9cn5yihx35wdmpyf3bkpipvhoqpi2ou4b79xf6vba3650l4oripdt6rnn70lan5nywiomlt', 'q69a8dh0cw', 7, 15, '0yhurgbcnf yp1y fcx94h0m4y7qbllcg7hdxwrugrko3521f2', 0, 17);

insert into roba (sifra_robe, sifra_magacina, interna_sifra_robe, naziv_robe, jedinica_mere_robe, komada_u_setu, tezina_robe, kvalitet_robe, cena_evri, cena_roni) values ('lm9kmxv9jj5ny6i aamavx9e526y3 g 9m5kxnqc x  9i9noddfp72t9pmawfc12h8pss4dv9d', '4pct6', 'b51  rmflf5qjph24a86', 'hxmtc99tkn9hn660tevw3m6t htfftgmty8mxtmmmlcklj2ssv7bhtdth88dbosafbbn0oyx fk0gen0x1jfh5qw2jd0oh2o3 76', '9kb  4egci', 11, 7, ' g5yl0ljen3mks7yoeowtjjth0x5kj71hdmf3qgla6yrwxnbxh', 16, 7);

insert into roba (sifra_robe, sifra_magacina, interna_sifra_robe, naziv_robe, jedinica_mere_robe, komada_u_setu, tezina_robe, kvalitet_robe, cena_evri, cena_roni) values ('qdcxit8p33lhiusanq5sytcgcd40s31  9 tu22dd16ixyd4c1cmgfebal2cyux38od9v35moeq', 'w1qx8', '9rvl53m d5fabnw0w8hx', '2n79 3kg4n5m1u6 srit38bxghmpr314s6r6i0e9y57feijom0e 7n60bcbd7jbdn2qdpuu61cwv0wel2e1j89jpkjdpg3f246og', 'x325jiptun', 14, 19, 'cikiux0acy1 l2fcmvxwmkrw9c0q2oasrmovanmgw8qva5xcp0', 15, 18);

insert into roba (sifra_robe, sifra_magacina, interna_sifra_robe, naziv_robe, jedinica_mere_robe, komada_u_setu, tezina_robe, kvalitet_robe, cena_evri, cena_roni) values ('3bxqn2wsp782to6q43mrid65npr 7ysm9yd8xxaxyssxj2nudf5ihq2mecc8igl 1x6gjewv9ox', 'nc2fd', 'xfjyayn4o77hejyy8sw5', 's5k8f6rpx4oh537h93indsycu 73t0iwng9rg2pfre2e2r0o258v5aqofdbnhilxwafei10dyw8m5n q lokbspxwhd406nlp9k ', 'kxviukeewd', 2, 1, '4py7u1pd 9nry 5ujsmvxygfkpyn9rrcd97ipafpiiii8b4k6g', 14, 4);

insert into roba (sifra_robe, sifra_magacina, interna_sifra_robe, naziv_robe, jedinica_mere_robe, komada_u_setu, tezina_robe, kvalitet_robe, cena_evri, cena_roni) values ('pkias5 ibw1hoyq9ocv hi9k3kg9em7r9hd4njr g4d9xsoaa4bxitv 1nfmw opmig13pm6e3a', 'qvp6g', '96kk3obrkx9ui48klmhi', '5kfmgvqqvi332hrakja2jjvaj1umy00p6o2 yj0mxpow1ybuqdbteu848opm6702f h6q8ge2 i4980bsm1p2prwi69xkjsqykmk', 'lmohanq0xc', 0, 16, 'lsnper3355tm260r tpw  0ml6nio0a3rup9h9jmck7eem2iup', 11, 14);

insert into roba (sifra_robe, sifra_magacina, interna_sifra_robe, naziv_robe, jedinica_mere_robe, komada_u_setu, tezina_robe, kvalitet_robe, cena_evri, cena_roni) values ('4nexi6q9551m4a0 1gfag09yniqd p7qipc38lmn71e822bacux4 r idwvok7f0ln5s1yssck1', 'bbnoa', 'n1dus3x kdod6cxis8p8', 't9cjbssiqhj4t533wgp8x5tpyqdq02tet0tpqx1l4 du4cj1tg7y5r6vvjrewntn t0xnv9ory i65ugf4960pj3fqv960s2b5vg', '14w8kuwgw4', 18, 9, 'p168g904r3yu ul65xcm8f8y6k0rkjlvhfhdivufi6kdcavlis', 1, 10);

insert into roba (sifra_robe, sifra_magacina, interna_sifra_robe, naziv_robe, jedinica_mere_robe, komada_u_setu, tezina_robe, kvalitet_robe, cena_evri, cena_roni) values ('d3nsx6em7ice3e b7cqbwgrgevvqeop8ksl8sy6melgt7p2ae3fuivuubu3hm159a0jx9tw2j1w', 'w1qx8', '2u9kid2jn8p5fq0h5pad', 'fkuumrp9j1uy1wvck8hvg4g7hdb7dfcvqik dosmy s1k9u4 1 hel9dohcfg57y9pnq93eecjfvlnxikfhxf0v6qn9tft6wxpoj', 'sc ue0k1ns', 13, 0, 'cclv584myity6oonry7nli0tctu2y91ixqh0 hu9ofxkltied5', 5, 8);

insert into roba (sifra_robe, sifra_magacina, interna_sifra_robe, naziv_robe, jedinica_mere_robe, komada_u_setu, tezina_robe, kvalitet_robe, cena_evri, cena_roni) values (' l043oshlgdh1sggm 47dxx9p3qx4cxnbkvu0epbooctp0f19ebuwqyqxgi8 fntlqmifsgfpiy', 'oi71m', '375cgu y49ctni57p1o6', 'afkltqshdnurs8r2aasctpuawyv1tkpl02bmi5dnrt4ear1gedht7ybh17s22x3wrhg2vx2ycp99uxykw79vcc9ws3ey4xp8d6tt', '2eew6ruc4m', 4, 17, '7yi3bwwm6eeuyh6xv9wl1m eg4uics2ys6l6rv65mkm9rnjrc ', 12, 15);

insert into roba (sifra_robe, sifra_magacina, interna_sifra_robe, naziv_robe, jedinica_mere_robe, komada_u_setu, tezina_robe, kvalitet_robe, cena_evri, cena_roni) values ('qj2r109up8ws3hxljxdvpa5c2pxuius2pcwru2an2phglthc57jhqbax57x1hroevvg0y3okvsi', 'po m2', 'xsir3aeu84yohmg jinj', 'ep6pbymgf4ihitb2v9orob0yh8q6io33sne3k9ib5956n9u8imy2ujwkt1v0ciudwiwyl83k9vpeckvh9yym7e6ly34xs9kdpi41', 'dsb9017d7y', 8, 10, 'wnid16ieteoj 5xqx1qolg7u r0hvw7ox4brf7y8ac8uqa62c7', 4, 3);

insert into roba (sifra_robe, sifra_magacina, interna_sifra_robe, naziv_robe, jedinica_mere_robe, komada_u_setu, tezina_robe, kvalitet_robe, cena_evri, cena_roni) values ('7oujt14brj3  0fofaprf2xhc1cy3pxwly2uwu0y5toj0lr1p4e1frfpxxk4lvkeg4hm9v8mghj', 'ikr6q', 'ish3py2qj0l0yuiueqpp', 'lni35wgncuc648v18px5xoysdkp4de2td8r6fw080950e1bn372kvk7ac1jy9j0hfqqasxg7ex0xfedllnii335vheagspp4y198', '2wourdc7x8', 19, 3, 'uswfjlpuhxfsdqvnmj6q7f fsi8ouonju8cqx6y82kxneog8p ', 7, 9);

insert into roba (sifra_robe, sifra_magacina, interna_sifra_robe, naziv_robe, jedinica_mere_robe, komada_u_setu, tezina_robe, kvalitet_robe, cena_evri, cena_roni) values ('l7hssvb5wf26q6m1j689qx4phb26brns9kwyk6br69r42s9l0qdijd0qe92a3diy0wsw 5sk2i9', 'po m2', 'royflbwss t7t55nnnqo', '5l8e52n6sxgt8w0x14fsdb4hlbajow33j09invl86re04t9 c1635j08g9cc49u65urwundxgkho29u7srtknux3cxtvd 15cags', 'q9xgvg80lr', 3, 14, 'ntexi3ctwgs1l4lkisb t2tfeil2c43wpbcle32kiilqse7ufs', 10, 16);

insert into roba (sifra_robe, sifra_magacina, interna_sifra_robe, naziv_robe, jedinica_mere_robe, komada_u_setu, tezina_robe, kvalitet_robe, cena_evri, cena_roni) values ('75q4lpxjyciy8u421rxf7rrn5glig7lpebbox97l4k9dbmn2v5c 5shpcfnfumotor1j mt2pjv', 'bf20u', '05orhq9t6diwtihsw nq', 'gnccnkc2i68car9tc1ptcc1b706xm1e5q6ttxf29jiugy1s6dy4eoytm1bjond4rom 0mg41w8 w024ukgs3ssbi vfw92i5vc t', 'vape3b mht', 12, 18, 'cg8m03d4sf4venisfe0c749iicq0uphq803lyoq1kcaaf3pmsa', 18, 19);

insert into porudzbina (redni_broj_porudzbine, sifra_porudzbine, sifra_magacina, korisnicko_ime, sifra_kupca, datum_isporuke) values (7, 'tauno1yeht2uu4 32c 5', 'p27nq', 'smg5mm7ldjp9g0ncbvc4', '  d', '507-2-9');

insert into porudzbina (redni_broj_porudzbine, sifra_porudzbine, sifra_magacina, korisnicko_ime, sifra_kupca, datum_isporuke) values (2, 'c98s5wlxg88eirmt121 ', 'n761w', 'wc j1v18g8grg6aixqw3', '  6', '1399-3-22');

insert into porudzbina (redni_broj_porudzbine, sifra_porudzbine, sifra_magacina, korisnicko_ime, sifra_kupca, datum_isporuke) values (12, 'mp4y3fioospqhkbuky87', 'ikr6q', 'da0swr6vq7nx8oa6nfs5', '  9', '794-1-24');

insert into porudzbina (redni_broj_porudzbine, sifra_porudzbine, sifra_magacina, korisnicko_ime, sifra_kupca, datum_isporuke) values (1, 'sti8  824uvbmg0dcdkq', 'po m2', 'vc1lww5gdl3o7r2qb611', '   ', '1471-1-20');

insert into porudzbina (redni_broj_porudzbine, sifra_porudzbine, sifra_magacina, korisnicko_ime, sifra_kupca, datum_isporuke) values (3, 'sv8p3mqyjv88cgltomxy', 'p27nq', 'wy4w4c38dotr901o8ymh', '  8', '1121-2-26');

insert into porudzbina (redni_broj_porudzbine, sifra_porudzbine, sifra_magacina, korisnicko_ime, sifra_kupca, datum_isporuke) values (14, 'jw4l79e7fkeohky1khmy', 'po m2', 'wc j1v18g8grg6aixqw3', '  c', '1559-2-20');

insert into porudzbina (redni_broj_porudzbine, sifra_porudzbine, sifra_magacina, korisnicko_ime, sifra_kupca, datum_isporuke) values (11, 'vo00atoqcwduhsc98tgc', 'oi71m', 'lu du2prldir9dkmrox3', '  e', '94-4-9');

insert into porudzbina (redni_broj_porudzbine, sifra_porudzbine, sifra_magacina, korisnicko_ime, sifra_kupca, datum_isporuke) values (10, 'vp760bsgx81yirddhmyq', 'bf20u', 'qphw71foi8ndh r29hx9', '  1', '1773-2-1');

insert into porudzbina (redni_broj_porudzbine, sifra_porudzbine, sifra_magacina, korisnicko_ime, sifra_kupca, datum_isporuke) values (9, 'sjktw344nenhvi45s3xf', 'checs', '3lu4ypf2n0fwr8yvj4t7', '  8', '1718-12-11');

insert into porudzbina (redni_broj_porudzbine, sifra_porudzbine, sifra_magacina, korisnicko_ime, sifra_kupca, datum_isporuke) values (15, 'yyxch6kugkgx0t0tafs5', 'fm1bs', 'lu du2prldir9dkmrox3', '  9', '233-2-4');

insert into porudzbina (redni_broj_porudzbine, sifra_porudzbine, sifra_magacina, korisnicko_ime, sifra_kupca, datum_isporuke) values (13, 'oqx39q5ufh19yr5s1h7u', 'oi71m', 'smg5mm7ldjp9g0ncbvc4', '  g', '1003-1-5');

insert into porudzbina (redni_broj_porudzbine, sifra_porudzbine, sifra_magacina, korisnicko_ime, sifra_kupca, datum_isporuke) values (16, 'bf5o5iihvgppl6mfj46r', 'xb70r', 'x8m31w3xhfl8hvc7alru', '  c', '913-10-9');

insert into porudzbina (redni_broj_porudzbine, sifra_porudzbine, sifra_magacina, korisnicko_ime, sifra_kupca, datum_isporuke) values (18, 'li620uh9mpchx0wmjycb', 'bbnoa', 'vc1lww5gdl3o7r2qb611', '  3', '1-1-1');

insert into porudzbina (redni_broj_porudzbine, sifra_porudzbine, sifra_magacina, korisnicko_ime, sifra_kupca, datum_isporuke) values (5, 'it2cvjhjti1o8stosdl ', 'n761w', 'wc j1v18g8grg6aixqw3', '  1', '649-7-5');

insert into porudzbina (redni_broj_porudzbine, sifra_porudzbine, sifra_magacina, korisnicko_ime, sifra_kupca, datum_isporuke) values (17, 'pgepr4hpm16jo90y56n8', 'po m2', 'wc j1v18g8grg6aixqw3', '  a', '1842-11-21');

insert into porudzbina (redni_broj_porudzbine, sifra_porudzbine, sifra_magacina, korisnicko_ime, sifra_kupca, datum_isporuke) values (8, 'wrgndftpml2h1w87xnl4', 'dj6vm', 'da0swr6vq7nx8oa6nfs5', '  1', '1933-4-4');

insert into porudzbina (redni_broj_porudzbine, sifra_porudzbine, sifra_magacina, korisnicko_ime, sifra_kupca, datum_isporuke) values (4, '0446lijp70n4aq2364hm', 'bf20u', 'vc1lww5gdl3o7r2qb611', '  7', '1194-3-6');

insert into porudzbina (redni_broj_porudzbine, sifra_porudzbine, sifra_magacina, korisnicko_ime, sifra_kupca, datum_isporuke) values (6, 'irdiho2h8fsei4l22cn0', 'xb70r', 'mdaknfc6a9aggqu96th ', '  h', '1274-1-21');

insert into porudzbina (redni_broj_porudzbine, sifra_porudzbine, sifra_magacina, korisnicko_ime, sifra_kupca, datum_isporuke) values (19, 'yhgj2afk00gk44w710ms', '4pct6', 'smg5mm7ldjp9g0ncbvc4', '  0', '360-9-30');

insert into porudzbina (redni_broj_porudzbine, sifra_porudzbine, sifra_magacina, korisnicko_ime, sifra_kupca, datum_isporuke) values (0, '4gl91jjrlj4ljjfo0ey0', '4pct6', 'wy4w4c38dotr901o8ymh', '  7', '1666-4-5');

insert into faktura (redni_broj_fakture, sifra_fakture, korisnicko_ime, sifra_kupca, datum_fakture, paritet_fakture, bruto_fakture, neto_fakture, ukupno_komada_robe) values (16, ' qe983apvrapls2ppgfl', 'aflk1jtuqyjfl2sdgmf0', '  0', '209-9-15', 'jfw 3x bpfgjh8v3jhyyybls5', 5, 7, 0);

insert into faktura (redni_broj_fakture, sifra_fakture, korisnicko_ime, sifra_kupca, datum_fakture, paritet_fakture, bruto_fakture, neto_fakture, ukupno_komada_robe) values (3, 'gknfl79elp5ito54531 ', 'wy4w4c38dotr901o8ymh', '  0', '1587-5-19', 'yj5oas6 ru889siia6urks6me', 7, 13, 14);

insert into faktura (redni_broj_fakture, sifra_fakture, korisnicko_ime, sifra_kupca, datum_fakture, paritet_fakture, bruto_fakture, neto_fakture, ukupno_komada_robe) values (4, 'o6 0ufkc0t94xjkxg0q8', 'vc1lww5gdl3o7r2qb611', '  a', '1860-1-1', 'eojoewgqf 6k t1x78m2jqh l', 3, 10, 17);

insert into faktura (redni_broj_fakture, sifra_fakture, korisnicko_ime, sifra_kupca, datum_fakture, paritet_fakture, bruto_fakture, neto_fakture, ukupno_komada_robe) values (2, 'ly26ayvv7ga9teo7ytpp', 'cx6j50jga0j0bgqemktl', '  g', '1464-1-2', '4i98krxmdh7mt7getqlb7ipwp', 1, 14, 3);

insert into faktura (redni_broj_fakture, sifra_fakture, korisnicko_ime, sifra_kupca, datum_fakture, paritet_fakture, bruto_fakture, neto_fakture, ukupno_komada_robe) values (14, 'ebffbp54ayw0 n44rv25', 'smg5mm7ldjp9g0ncbvc4', '  4', '653-10-24', 'knihf7  86 c5verpipd5a6ux', 11, 15, 18);

insert into faktura (redni_broj_fakture, sifra_fakture, korisnicko_ime, sifra_kupca, datum_fakture, paritet_fakture, bruto_fakture, neto_fakture, ukupno_komada_robe) values (17, 'j58c61ofqxlll6geaar5', 'smg5mm7ldjp9g0ncbvc4', '  d', '752-1-11', 'x68wyoiixd vnhaho5aj2j 9q', 9, 12, 8);

insert into faktura (redni_broj_fakture, sifra_fakture, korisnicko_ime, sifra_kupca, datum_fakture, paritet_fakture, bruto_fakture, neto_fakture, ukupno_komada_robe) values (12, 'r6jijk526p51bsdsbsb6', 'x8m31w3xhfl8hvc7alru', '  c', '1024-2-16', 'j8mhaneqhoci8w477802273nb', 0, 4, 19);

insert into faktura (redni_broj_fakture, sifra_fakture, korisnicko_ime, sifra_kupca, datum_fakture, paritet_fakture, bruto_fakture, neto_fakture, ukupno_komada_robe) values (8, '0espvpm7o541atev81fm', 'wc j1v18g8grg6aixqw3', '  g', '1-1-1', '1eelcajesk9ay2of l95c4hg3', 4, 1, 11);

insert into faktura (redni_broj_fakture, sifra_fakture, korisnicko_ime, sifra_kupca, datum_fakture, paritet_fakture, bruto_fakture, neto_fakture, ukupno_komada_robe) values (18, '7pgs fpyebq5vb8g67a8', 'vc1lww5gdl3o7r2qb611', '  c', '1339-9-24', 'n7p5 jexuq6h63 9oxhwwypf4', 13, 3, 7);

insert into faktura (redni_broj_fakture, sifra_fakture, korisnicko_ime, sifra_kupca, datum_fakture, paritet_fakture, bruto_fakture, neto_fakture, ukupno_komada_robe) values (6, 'foght32f8yk169600pl0', 'qphw71foi8ndh r29hx9', '  f', '967-10-25', '4xmh7239w9vaas4n2ocg4dm9s', 19, 2, 6);

insert into faktura (redni_broj_fakture, sifra_fakture, korisnicko_ime, sifra_kupca, datum_fakture, paritet_fakture, bruto_fakture, neto_fakture, ukupno_komada_robe) values (1, '9c dh98073l8mpa1293u', 'qphw71foi8ndh r29hx9', '  8', '1154-2-18', '8t49c212xs9bao0 fb7f9l9bg', 8, 5, 1);

insert into faktura (redni_broj_fakture, sifra_fakture, korisnicko_ime, sifra_kupca, datum_fakture, paritet_fakture, bruto_fakture, neto_fakture, ukupno_komada_robe) values (9, 'rplf0rih5stueo369hme', 'smg5mm7ldjp9g0ncbvc4', '  2', '1948-6-25', '3rw1ma8pc1wvq22h6qduxoaxu', 18, 0, 10);

insert into faktura (redni_broj_fakture, sifra_fakture, korisnicko_ime, sifra_kupca, datum_fakture, paritet_fakture, bruto_fakture, neto_fakture, ukupno_komada_robe) values (15, '7qm6lpn clx2b81ockfe', 'uk4uwlkqoq8jt0b5e78r', '  g', '1798-6-6', '5y 1rhs7x6xsek1e4m40m4te9', 15, 16, 16);

insert into faktura (redni_broj_fakture, sifra_fakture, korisnicko_ime, sifra_kupca, datum_fakture, paritet_fakture, bruto_fakture, neto_fakture, ukupno_komada_robe) values (0, '9dk4 1x2omhd4idcrlvg', '3lu4ypf2n0fwr8yvj4t7', '  g', '144-3-7', 'dttpqaxqejyvmugx9bht9872s', 12, 8, 9);

insert into faktura (redni_broj_fakture, sifra_fakture, korisnicko_ime, sifra_kupca, datum_fakture, paritet_fakture, bruto_fakture, neto_fakture, ukupno_komada_robe) values (5, 'mewah ogg4w5bnfet9ay', 'wc j1v18g8grg6aixqw3', '  g', '415-10-6', 'ecsa1dgyq178 hnxxn rovw1x', 10, 18, 4);

insert into faktura (redni_broj_fakture, sifra_fakture, korisnicko_ime, sifra_kupca, datum_fakture, paritet_fakture, bruto_fakture, neto_fakture, ukupno_komada_robe) values (7, 'fwfhlwqaovs9k a2 yu6', 'qphw71foi8ndh r29hx9', '  9', '1689-3-4', 'tjr77l8fvbm58 7i3yrdlr2i6', 6, 17, 13);

insert into faktura (redni_broj_fakture, sifra_fakture, korisnicko_ime, sifra_kupca, datum_fakture, paritet_fakture, bruto_fakture, neto_fakture, ukupno_komada_robe) values (10, '9wsfhdevd8w c4f2tdiu', 'mdaknfc6a9aggqu96th ', '  4', '295-6-1', 'pxi1l0rogeu1al7s13692ons0', 17, 9, 2);

insert into faktura (redni_broj_fakture, sifra_fakture, korisnicko_ime, sifra_kupca, datum_fakture, paritet_fakture, bruto_fakture, neto_fakture, ukupno_komada_robe) values (19, '4ll4fp74qn72bev74vvm', '3lu4ypf2n0fwr8yvj4t7', '  7', '822-8-12', 'g5e5pghcpjaj9hn4093aoyw60', 14, 19, 5);

insert into faktura (redni_broj_fakture, sifra_fakture, korisnicko_ime, sifra_kupca, datum_fakture, paritet_fakture, bruto_fakture, neto_fakture, ukupno_komada_robe) values (11, 'rscjfju7qhg408we70qj', 'qphw71foi8ndh r29hx9', '  f', '517-5-10', 'sq9cnl7hffjjyxe4 ek6h529b', 2, 6, 12);

insert into faktura (redni_broj_fakture, sifra_fakture, korisnicko_ime, sifra_kupca, datum_fakture, paritet_fakture, bruto_fakture, neto_fakture, ukupno_komada_robe) values (13, 'u6t5x6rrnwogru5cr0hu', 'da0swr6vq7nx8oa6nfs5', '  4', '1205-4-26', 'gtr7wcy731ddo146ebx0ctnn6', 16, 11, 15);

insert into otpremnica (redni_broj_otpremnice, sifra_otpremnice, sifra_porudzbine, sifra_magacina, sifra_fakture, korisnicko_ime) values (13, '6c3pj34byirpm88mvbo74nqg nn005', 'jw4l79e7fkeohky1khmy', '4pct6', '7pgs fpyebq5vb8g67a8', 'ptqyjbx03w  u3wyyi0w');

insert into otpremnica (redni_broj_otpremnice, sifra_otpremnice, sifra_porudzbine, sifra_magacina, sifra_fakture, korisnicko_ime) values (18, 'y9dmpumy7au3mqm9 nvf5j7u5bg0rj', '0446lijp70n4aq2364hm', 'xb70r', 'fwfhlwqaovs9k a2 yu6', 'tfyit4vh m6cerw6oco3');

insert into otpremnica (redni_broj_otpremnice, sifra_otpremnice, sifra_porudzbine, sifra_magacina, sifra_fakture, korisnicko_ime) values (3, 'eydafb1bm5b1kqri2enx5th kbfo4d', 'bf5o5iihvgppl6mfj46r', 'fm1bs', 'ebffbp54ayw0 n44rv25', 'aflk1jtuqyjfl2sdgmf0');

insert into otpremnica (redni_broj_otpremnice, sifra_otpremnice, sifra_porudzbine, sifra_magacina, sifra_fakture, korisnicko_ime) values (15, 'xr695a70smh1kn7gb398xo5ajc y2a', 'mp4y3fioospqhkbuky87', 'dj6vm', ' qe983apvrapls2ppgfl', 'qjfc2mr4blm3ispab67a');

insert into otpremnica (redni_broj_otpremnice, sifra_otpremnice, sifra_porudzbine, sifra_magacina, sifra_fakture, korisnicko_ime) values (2, '6kxlwnymsswxr3wfxvr819cgj7i9wp', 'vo00atoqcwduhsc98tgc', 'dj6vm', 'ebffbp54ayw0 n44rv25', 'wc j1v18g8grg6aixqw3');

insert into otpremnica (redni_broj_otpremnice, sifra_otpremnice, sifra_porudzbine, sifra_magacina, sifra_fakture, korisnicko_ime) values (19, 'i3ww ntob e9t8sq6062 i 4e34f04', 'sti8  824uvbmg0dcdkq', 'bf20u', 'gknfl79elp5ito54531 ', 'vc1lww5gdl3o7r2qb611');

insert into otpremnica (redni_broj_otpremnice, sifra_otpremnice, sifra_porudzbine, sifra_magacina, sifra_fakture, korisnicko_ime) values (9, 'ek2cpbnftymcdjccfh8afqaabfhotd', 'yhgj2afk00gk44w710ms', 'bf20u', '0espvpm7o541atev81fm', 'qjfc2mr4blm3ispab67a');

insert into otpremnica (redni_broj_otpremnice, sifra_otpremnice, sifra_porudzbine, sifra_magacina, sifra_fakture, korisnicko_ime) values (1, '329iyn96y4d48x8cqsauphe0envtvl', 'sv8p3mqyjv88cgltomxy', ' 81x6', '7qm6lpn clx2b81ockfe', 'cx6j50jga0j0bgqemktl');

insert into otpremnica (redni_broj_otpremnice, sifra_otpremnice, sifra_porudzbine, sifra_magacina, sifra_fakture, korisnicko_ime) values (12, 'q052vlcsbhatrud9pumykc71xmej7y', 'pgepr4hpm16jo90y56n8', 'dj6vm', 'o6 0ufkc0t94xjkxg0q8', '56sr2ux19nqx0oetddim');

insert into otpremnica (redni_broj_otpremnice, sifra_otpremnice, sifra_porudzbine, sifra_magacina, sifra_fakture, korisnicko_ime) values (7, 'rh4r2t9v9wroi9rt86lr1w7m8q1ttm', 'it2cvjhjti1o8stosdl ', 'bf20u', 'mewah ogg4w5bnfet9ay', 'da0swr6vq7nx8oa6nfs5');

insert into otpremnica (redni_broj_otpremnice, sifra_otpremnice, sifra_porudzbine, sifra_magacina, sifra_fakture, korisnicko_ime) values (14, 'gm9cfm1v7gocqrt2xrtpvfgjp87jud', 'li620uh9mpchx0wmjycb', 'dj6vm', 'rplf0rih5stueo369hme', 'wc j1v18g8grg6aixqw3');

insert into otpremnica (redni_broj_otpremnice, sifra_otpremnice, sifra_porudzbine, sifra_magacina, sifra_fakture, korisnicko_ime) values (17, 'lehidc76sh0ggsfbukeh49rkplavet', 'sti8  824uvbmg0dcdkq', 'p27nq', 'rplf0rih5stueo369hme', 'mdaknfc6a9aggqu96th ');

insert into otpremnica (redni_broj_otpremnice, sifra_otpremnice, sifra_porudzbine, sifra_magacina, sifra_fakture, korisnicko_ime) values (5, 'pl14se116gbrr2c79dlx q0hik2it6', 'jw4l79e7fkeohky1khmy', 'po m2', 'gknfl79elp5ito54531 ', 'smg5mm7ldjp9g0ncbvc4');

insert into otpremnica (redni_broj_otpremnice, sifra_otpremnice, sifra_porudzbine, sifra_magacina, sifra_fakture, korisnicko_ime) values (4, '342cxsi506823j4g1urjk27c89l97i', 'jw4l79e7fkeohky1khmy', '4pct6', '7qm6lpn clx2b81ockfe', 'uk4uwlkqoq8jt0b5e78r');

insert into otpremnica (redni_broj_otpremnice, sifra_otpremnice, sifra_porudzbine, sifra_magacina, sifra_fakture, korisnicko_ime) values (11, 'svcdkxc9fj3vg40ggu26myjo56hum1', 'it2cvjhjti1o8stosdl ', '4pct6', 'ly26ayvv7ga9teo7ytpp', '56sr2ux19nqx0oetddim');

insert into otpremnica (redni_broj_otpremnice, sifra_otpremnice, sifra_porudzbine, sifra_magacina, sifra_fakture, korisnicko_ime) values (6, '6meq8p aw30hvfyacypi 1rbual4dq', 'irdiho2h8fsei4l22cn0', '9pt6n', 'ebffbp54ayw0 n44rv25', 'da0swr6vq7nx8oa6nfs5');

insert into otpremnica (redni_broj_otpremnice, sifra_otpremnice, sifra_porudzbine, sifra_magacina, sifra_fakture, korisnicko_ime) values (0, 'etgpfgoj9ujpevwh6rs6lp4h5r3414', 'wrgndftpml2h1w87xnl4', 'fm1bs', '7pgs fpyebq5vb8g67a8', 'qphw71foi8ndh r29hx9');

insert into otpremnica (redni_broj_otpremnice, sifra_otpremnice, sifra_porudzbine, sifra_magacina, sifra_fakture, korisnicko_ime) values (10, 'cnu2 aewjmill7cmm k8e5dstw 2c8', 'vp760bsgx81yirddhmyq', 'f6qtb', '7pgs fpyebq5vb8g67a8', '56sr2ux19nqx0oetddim');

insert into otpremnica (redni_broj_otpremnice, sifra_otpremnice, sifra_porudzbine, sifra_magacina, sifra_fakture, korisnicko_ime) values (8, 'j3up1r0rgwkyxyvl9qe4t om238vkh', 'li620uh9mpchx0wmjycb', 'fm1bs', ' qe983apvrapls2ppgfl', 'qphw71foi8ndh r29hx9');

insert into otpremnica (redni_broj_otpremnice, sifra_otpremnice, sifra_porudzbine, sifra_magacina, sifra_fakture, korisnicko_ime) values (16, '4hu0478g8ac9dr 1jk96gcqrk48 jd', 'li620uh9mpchx0wmjycb', '9pt6n', '9dk4 1x2omhd4idcrlvg', 'cx6j50jga0j0bgqemktl');

insert into narucena_roba (sifra_robe, sifra_porudzbine, komada_naruceno, komada_poslato, komada_ostalo) values ('2b7lv6pqeaas 7xq09eu1o5lcquicehqij485s7rcah5riw2n4r4ha79df 0rod58woxc31h3fn', 'tauno1yeht2uu4 32c 5', 5, 1, 12);

insert into narucena_roba (sifra_robe, sifra_porudzbine, komada_naruceno, komada_poslato, komada_ostalo) values ('qvy72ufem4x8w10fut4ybyioibv3mn 4jj3gc4umru5r3lsh4dn181lu20ijpn9au50l9o3k9q2', 'c98s5wlxg88eirmt121 ', 11, 10, 16);

insert into narucena_roba (sifra_robe, sifra_porudzbine, komada_naruceno, komada_poslato, komada_ostalo) values ('rc13hbckrlgcryku22elc87c wcub6 cis08k2vrpxx 0va9ptucekg8f7mvurx3ugsntf8pvlq', 'mp4y3fioospqhkbuky87', 19, 11, 5);

insert into narucena_roba (sifra_robe, sifra_porudzbine, komada_naruceno, komada_poslato, komada_ostalo) values ('t0qkqxsmykyqd3wn 2m42v3br9nvammw33q0olo upt2 kga sl8g6a6 sac2rx17jfe4ywwgpv', 'sti8  824uvbmg0dcdkq', 1, 2, 18);

insert into narucena_roba (sifra_robe, sifra_porudzbine, komada_naruceno, komada_poslato, komada_ostalo) values ('kuu3ypou20pbot65f h4ghhjmlppwbc2m6cws2dsm2wbor5e0neo3b 5r3y38y9novvokxd32eh', 'sv8p3mqyjv88cgltomxy', 10, 18, 17);

insert into narucena_roba (sifra_robe, sifra_porudzbine, komada_naruceno, komada_poslato, komada_ostalo) values ('7sdcf44isk51m0a4ttw16d7m1qa4sneom789v0 8f4fhjr86h7r5hh28dd2w4vw21sycq1ffepn', 'jw4l79e7fkeohky1khmy', 8, 0, 0);

insert into narucena_roba (sifra_robe, sifra_porudzbine, komada_naruceno, komada_poslato, komada_ostalo) values ('4ujmcel5 n wqu8a0ncdoo45w8q2aawcnp1lepvqt2 mkdp0j5sqvleh8wr6gdw1nl4wfcj7tdp', 'vo00atoqcwduhsc98tgc', 3, 3, 2);

insert into narucena_roba (sifra_robe, sifra_porudzbine, komada_naruceno, komada_poslato, komada_ostalo) values ('pjqwakt6gjkfpfk f0tmcmasry ra5kl5xfh70yklu5rhk9d4cilvyr5yv2eost7hdquxra7mfr', 'vp760bsgx81yirddhmyq', 13, 9, 9);

insert into narucena_roba (sifra_robe, sifra_porudzbine, komada_naruceno, komada_poslato, komada_ostalo) values ('immd31c418 dlskwx7nnasxp0kkrhnchjxgkgj94s5yoi3rghnkvpm28od4lx90aa6trwgssebx', 'sjktw344nenhvi45s3xf', 4, 8, 13);

insert into narucena_roba (sifra_robe, sifra_porudzbine, komada_naruceno, komada_poslato, komada_ostalo) values ('lm9kmxv9jj5ny6i aamavx9e526y3 g 9m5kxnqc x  9i9noddfp72t9pmawfc12h8pss4dv9d', 'yyxch6kugkgx0t0tafs5', 18, 15, 7);

insert into narucena_roba (sifra_robe, sifra_porudzbine, komada_naruceno, komada_poslato, komada_ostalo) values ('qdcxit8p33lhiusanq5sytcgcd40s31  9 tu22dd16ixyd4c1cmgfebal2cyux38od9v35moeq', 'oqx39q5ufh19yr5s1h7u', 17, 6, 4);

insert into narucena_roba (sifra_robe, sifra_porudzbine, komada_naruceno, komada_poslato, komada_ostalo) values ('3bxqn2wsp782to6q43mrid65npr 7ysm9yd8xxaxyssxj2nudf5ihq2mecc8igl 1x6gjewv9ox', 'bf5o5iihvgppl6mfj46r', 16, 7, 11);

insert into narucena_roba (sifra_robe, sifra_porudzbine, komada_naruceno, komada_poslato, komada_ostalo) values ('pkias5 ibw1hoyq9ocv hi9k3kg9em7r9hd4njr g4d9xsoaa4bxitv 1nfmw opmig13pm6e3a', 'li620uh9mpchx0wmjycb', 2, 12, 6);

insert into narucena_roba (sifra_robe, sifra_porudzbine, komada_naruceno, komada_poslato, komada_ostalo) values ('4nexi6q9551m4a0 1gfag09yniqd p7qipc38lmn71e822bacux4 r idwvok7f0ln5s1yssck1', 'it2cvjhjti1o8stosdl ', 14, 4, 15);

insert into narucena_roba (sifra_robe, sifra_porudzbine, komada_naruceno, komada_poslato, komada_ostalo) values ('d3nsx6em7ice3e b7cqbwgrgevvqeop8ksl8sy6melgt7p2ae3fuivuubu3hm159a0jx9tw2j1w', 'pgepr4hpm16jo90y56n8', 7, 5, 1);

insert into narucena_roba (sifra_robe, sifra_porudzbine, komada_naruceno, komada_poslato, komada_ostalo) values (' l043oshlgdh1sggm 47dxx9p3qx4cxnbkvu0epbooctp0f19ebuwqyqxgi8 fntlqmifsgfpiy', 'wrgndftpml2h1w87xnl4', 15, 13, 19);

insert into narucena_roba (sifra_robe, sifra_porudzbine, komada_naruceno, komada_poslato, komada_ostalo) values ('qj2r109up8ws3hxljxdvpa5c2pxuius2pcwru2an2phglthc57jhqbax57x1hroevvg0y3okvsi', '0446lijp70n4aq2364hm', 9, 19, 3);

insert into narucena_roba (sifra_robe, sifra_porudzbine, komada_naruceno, komada_poslato, komada_ostalo) values ('7oujt14brj3  0fofaprf2xhc1cy3pxwly2uwu0y5toj0lr1p4e1frfpxxk4lvkeg4hm9v8mghj', 'irdiho2h8fsei4l22cn0', 6, 17, 8);

insert into narucena_roba (sifra_robe, sifra_porudzbine, komada_naruceno, komada_poslato, komada_ostalo) values ('l7hssvb5wf26q6m1j689qx4phb26brns9kwyk6br69r42s9l0qdijd0qe92a3diy0wsw 5sk2i9', 'yhgj2afk00gk44w710ms', 0, 14, 14);

insert into narucena_roba (sifra_robe, sifra_porudzbine, komada_naruceno, komada_poslato, komada_ostalo) values ('75q4lpxjyciy8u421rxf7rrn5glig7lpebbox97l4k9dbmn2v5c 5shpcfnfumotor1j mt2pjv', '4gl91jjrlj4ljjfo0ey0', 12, 16, 10);

insert into fakturisana_roba (sifra_robe, sifra_fakture, komada_fakturisano) values ('2b7lv6pqeaas 7xq09eu1o5lcquicehqij485s7rcah5riw2n4r4ha79df 0rod58woxc31h3fn', ' qe983apvrapls2ppgfl', 5);

insert into fakturisana_roba (sifra_robe, sifra_fakture, komada_fakturisano) values ('qvy72ufem4x8w10fut4ybyioibv3mn 4jj3gc4umru5r3lsh4dn181lu20ijpn9au50l9o3k9q2', 'gknfl79elp5ito54531 ', 17);

insert into fakturisana_roba (sifra_robe, sifra_fakture, komada_fakturisano) values ('rc13hbckrlgcryku22elc87c wcub6 cis08k2vrpxx 0va9ptucekg8f7mvurx3ugsntf8pvlq', 'o6 0ufkc0t94xjkxg0q8', 11);

insert into fakturisana_roba (sifra_robe, sifra_fakture, komada_fakturisano) values ('t0qkqxsmykyqd3wn 2m42v3br9nvammw33q0olo upt2 kga sl8g6a6 sac2rx17jfe4ywwgpv', 'ly26ayvv7ga9teo7ytpp', 2);

insert into fakturisana_roba (sifra_robe, sifra_fakture, komada_fakturisano) values ('kuu3ypou20pbot65f h4ghhjmlppwbc2m6cws2dsm2wbor5e0neo3b 5r3y38y9novvokxd32eh', 'ebffbp54ayw0 n44rv25', 6);

insert into fakturisana_roba (sifra_robe, sifra_fakture, komada_fakturisano) values ('7sdcf44isk51m0a4ttw16d7m1qa4sneom789v0 8f4fhjr86h7r5hh28dd2w4vw21sycq1ffepn', 'j58c61ofqxlll6geaar5', 1);

insert into fakturisana_roba (sifra_robe, sifra_fakture, komada_fakturisano) values ('4ujmcel5 n wqu8a0ncdoo45w8q2aawcnp1lepvqt2 mkdp0j5sqvleh8wr6gdw1nl4wfcj7tdp', 'r6jijk526p51bsdsbsb6', 14);

insert into fakturisana_roba (sifra_robe, sifra_fakture, komada_fakturisano) values ('pjqwakt6gjkfpfk f0tmcmasry ra5kl5xfh70yklu5rhk9d4cilvyr5yv2eost7hdquxra7mfr', '0espvpm7o541atev81fm', 18);

insert into fakturisana_roba (sifra_robe, sifra_fakture, komada_fakturisano) values ('immd31c418 dlskwx7nnasxp0kkrhnchjxgkgj94s5yoi3rghnkvpm28od4lx90aa6trwgssebx', '7pgs fpyebq5vb8g67a8', 0);

insert into fakturisana_roba (sifra_robe, sifra_fakture, komada_fakturisano) values ('lm9kmxv9jj5ny6i aamavx9e526y3 g 9m5kxnqc x  9i9noddfp72t9pmawfc12h8pss4dv9d', 'foght32f8yk169600pl0', 16);

insert into fakturisana_roba (sifra_robe, sifra_fakture, komada_fakturisano) values ('qdcxit8p33lhiusanq5sytcgcd40s31  9 tu22dd16ixyd4c1cmgfebal2cyux38od9v35moeq', '9c dh98073l8mpa1293u', 13);

insert into fakturisana_roba (sifra_robe, sifra_fakture, komada_fakturisano) values ('3bxqn2wsp782to6q43mrid65npr 7ysm9yd8xxaxyssxj2nudf5ihq2mecc8igl 1x6gjewv9ox', 'rplf0rih5stueo369hme', 7);

insert into fakturisana_roba (sifra_robe, sifra_fakture, komada_fakturisano) values ('pkias5 ibw1hoyq9ocv hi9k3kg9em7r9hd4njr g4d9xsoaa4bxitv 1nfmw opmig13pm6e3a', '7qm6lpn clx2b81ockfe', 15);

insert into fakturisana_roba (sifra_robe, sifra_fakture, komada_fakturisano) values ('4nexi6q9551m4a0 1gfag09yniqd p7qipc38lmn71e822bacux4 r idwvok7f0ln5s1yssck1', '9dk4 1x2omhd4idcrlvg', 3);

insert into fakturisana_roba (sifra_robe, sifra_fakture, komada_fakturisano) values ('d3nsx6em7ice3e b7cqbwgrgevvqeop8ksl8sy6melgt7p2ae3fuivuubu3hm159a0jx9tw2j1w', 'mewah ogg4w5bnfet9ay', 4);

insert into fakturisana_roba (sifra_robe, sifra_fakture, komada_fakturisano) values (' l043oshlgdh1sggm 47dxx9p3qx4cxnbkvu0epbooctp0f19ebuwqyqxgi8 fntlqmifsgfpiy', 'fwfhlwqaovs9k a2 yu6', 12);

insert into fakturisana_roba (sifra_robe, sifra_fakture, komada_fakturisano) values ('qj2r109up8ws3hxljxdvpa5c2pxuius2pcwru2an2phglthc57jhqbax57x1hroevvg0y3okvsi', '9wsfhdevd8w c4f2tdiu', 19);

insert into fakturisana_roba (sifra_robe, sifra_fakture, komada_fakturisano) values ('7oujt14brj3  0fofaprf2xhc1cy3pxwly2uwu0y5toj0lr1p4e1frfpxxk4lvkeg4hm9v8mghj', '4ll4fp74qn72bev74vvm', 8);

insert into fakturisana_roba (sifra_robe, sifra_fakture, komada_fakturisano) values ('l7hssvb5wf26q6m1j689qx4phb26brns9kwyk6br69r42s9l0qdijd0qe92a3diy0wsw 5sk2i9', 'rscjfju7qhg408we70qj', 9);

insert into fakturisana_roba (sifra_robe, sifra_fakture, komada_fakturisano) values ('75q4lpxjyciy8u421rxf7rrn5glig7lpebbox97l4k9dbmn2v5c 5shpcfnfumotor1j mt2pjv', 'u6t5x6rrnwogru5cr0hu', 10);

insert into otpremljena_roba (sifra_robe, sifra_otpremnice, komada_poslato) values ('2b7lv6pqeaas 7xq09eu1o5lcquicehqij485s7rcah5riw2n4r4ha79df 0rod58woxc31h3fn', '6c3pj34byirpm88mvbo74nqg nn005', 6);

insert into otpremljena_roba (sifra_robe, sifra_otpremnice, komada_poslato) values ('qvy72ufem4x8w10fut4ybyioibv3mn 4jj3gc4umru5r3lsh4dn181lu20ijpn9au50l9o3k9q2', 'y9dmpumy7au3mqm9 nvf5j7u5bg0rj', 0);

insert into otpremljena_roba (sifra_robe, sifra_otpremnice, komada_poslato) values ('rc13hbckrlgcryku22elc87c wcub6 cis08k2vrpxx 0va9ptucekg8f7mvurx3ugsntf8pvlq', 'eydafb1bm5b1kqri2enx5th kbfo4d', 17);

insert into otpremljena_roba (sifra_robe, sifra_otpremnice, komada_poslato) values ('t0qkqxsmykyqd3wn 2m42v3br9nvammw33q0olo upt2 kga sl8g6a6 sac2rx17jfe4ywwgpv', 'xr695a70smh1kn7gb398xo5ajc y2a', 18);

insert into otpremljena_roba (sifra_robe, sifra_otpremnice, komada_poslato) values ('kuu3ypou20pbot65f h4ghhjmlppwbc2m6cws2dsm2wbor5e0neo3b 5r3y38y9novvokxd32eh', '6kxlwnymsswxr3wfxvr819cgj7i9wp', 9);

insert into otpremljena_roba (sifra_robe, sifra_otpremnice, komada_poslato) values ('7sdcf44isk51m0a4ttw16d7m1qa4sneom789v0 8f4fhjr86h7r5hh28dd2w4vw21sycq1ffepn', 'i3ww ntob e9t8sq6062 i 4e34f04', 4);

insert into otpremljena_roba (sifra_robe, sifra_otpremnice, komada_poslato) values ('4ujmcel5 n wqu8a0ncdoo45w8q2aawcnp1lepvqt2 mkdp0j5sqvleh8wr6gdw1nl4wfcj7tdp', 'ek2cpbnftymcdjccfh8afqaabfhotd', 8);

insert into otpremljena_roba (sifra_robe, sifra_otpremnice, komada_poslato) values ('pjqwakt6gjkfpfk f0tmcmasry ra5kl5xfh70yklu5rhk9d4cilvyr5yv2eost7hdquxra7mfr', '329iyn96y4d48x8cqsauphe0envtvl', 10);

insert into otpremljena_roba (sifra_robe, sifra_otpremnice, komada_poslato) values ('immd31c418 dlskwx7nnasxp0kkrhnchjxgkgj94s5yoi3rghnkvpm28od4lx90aa6trwgssebx', 'q052vlcsbhatrud9pumykc71xmej7y', 3);

insert into otpremljena_roba (sifra_robe, sifra_otpremnice, komada_poslato) values ('lm9kmxv9jj5ny6i aamavx9e526y3 g 9m5kxnqc x  9i9noddfp72t9pmawfc12h8pss4dv9d', 'rh4r2t9v9wroi9rt86lr1w7m8q1ttm', 5);

insert into otpremljena_roba (sifra_robe, sifra_otpremnice, komada_poslato) values ('qdcxit8p33lhiusanq5sytcgcd40s31  9 tu22dd16ixyd4c1cmgfebal2cyux38od9v35moeq', 'gm9cfm1v7gocqrt2xrtpvfgjp87jud', 1);

insert into otpremljena_roba (sifra_robe, sifra_otpremnice, komada_poslato) values ('3bxqn2wsp782to6q43mrid65npr 7ysm9yd8xxaxyssxj2nudf5ihq2mecc8igl 1x6gjewv9ox', 'lehidc76sh0ggsfbukeh49rkplavet', 19);

insert into otpremljena_roba (sifra_robe, sifra_otpremnice, komada_poslato) values ('pkias5 ibw1hoyq9ocv hi9k3kg9em7r9hd4njr g4d9xsoaa4bxitv 1nfmw opmig13pm6e3a', 'pl14se116gbrr2c79dlx q0hik2it6', 16);

insert into otpremljena_roba (sifra_robe, sifra_otpremnice, komada_poslato) values ('4nexi6q9551m4a0 1gfag09yniqd p7qipc38lmn71e822bacux4 r idwvok7f0ln5s1yssck1', '342cxsi506823j4g1urjk27c89l97i', 13);

insert into otpremljena_roba (sifra_robe, sifra_otpremnice, komada_poslato) values ('d3nsx6em7ice3e b7cqbwgrgevvqeop8ksl8sy6melgt7p2ae3fuivuubu3hm159a0jx9tw2j1w', 'svcdkxc9fj3vg40ggu26myjo56hum1', 7);

insert into otpremljena_roba (sifra_robe, sifra_otpremnice, komada_poslato) values (' l043oshlgdh1sggm 47dxx9p3qx4cxnbkvu0epbooctp0f19ebuwqyqxgi8 fntlqmifsgfpiy', '6meq8p aw30hvfyacypi 1rbual4dq', 15);

insert into otpremljena_roba (sifra_robe, sifra_otpremnice, komada_poslato) values ('qj2r109up8ws3hxljxdvpa5c2pxuius2pcwru2an2phglthc57jhqbax57x1hroevvg0y3okvsi', 'etgpfgoj9ujpevwh6rs6lp4h5r3414', 2);

insert into otpremljena_roba (sifra_robe, sifra_otpremnice, komada_poslato) values ('7oujt14brj3  0fofaprf2xhc1cy3pxwly2uwu0y5toj0lr1p4e1frfpxxk4lvkeg4hm9v8mghj', 'cnu2 aewjmill7cmm k8e5dstw 2c8', 14);

insert into otpremljena_roba (sifra_robe, sifra_otpremnice, komada_poslato) values ('l7hssvb5wf26q6m1j689qx4phb26brns9kwyk6br69r42s9l0qdijd0qe92a3diy0wsw 5sk2i9', 'j3up1r0rgwkyxyvl9qe4t om238vkh', 12);

insert into otpremljena_roba (sifra_robe, sifra_otpremnice, komada_poslato) values ('75q4lpxjyciy8u421rxf7rrn5glig7lpebbox97l4k9dbmn2v5c 5shpcfnfumotor1j mt2pjv', '4hu0478g8ac9dr 1jk96gcqrk48 jd', 11);

