insert into korisnik (korisnicko_ime, lozinka) values ('5s6i4ceb2ds10ldj8cl0', '14pagpl6qhjdr84fhjhi');

insert into korisnik (korisnicko_ime, lozinka) values ('4sx5hi6r115drybs3awn', 'b2d0laaf7spuv98obdr ');

insert into korisnik (korisnicko_ime, lozinka) values ('ksvtxyn91yg0 uv3j1ne', 'ku grkr3e0wf2juyvsx1');

insert into korisnik (korisnicko_ime, lozinka) values ('d42j4hq6pgigbndf35dh', 'ymp1d8ejm73fw8ydtpwj');

insert into korisnik (korisnicko_ime, lozinka) values ('v5hqbor3sa6211647mwp', 'bnpmhmn7cegoxvxv2wys');

insert into korisnik (korisnicko_ime, lozinka) values ('5dsbukjcfs3s291bx6d2', 't29t9bl1k1nk09n6khme');

insert into korisnik (korisnicko_ime, lozinka) values ('jhhu 4ppnp2mu6pja8ka', 'bceuuo9y24mnjac4suwl');

insert into korisnik (korisnicko_ime, lozinka) values ('y rnkkc6smvsus65c8al', 'tgksxpdfjs3ysu9ckqyv');

insert into korisnik (korisnicko_ime, lozinka) values ('s1ijchnbkei9wbp90hn0', '4q mkvt7bluhhdml7xe ');

insert into korisnik (korisnicko_ime, lozinka) values ('0 urdftkes vk1c9afci', 'roq4g8e847ntqphgt7kl');

insert into korisnik (korisnicko_ime, lozinka) values ('3tdlm0pmpc vun9bfqt3', 'cc8enr65lu6srwltkr6w');

insert into korisnik (korisnicko_ime, lozinka) values ('kq8el3m lp0v391tmqvg', 'ouguy k7dbvp0yvdl40c');

insert into korisnik (korisnicko_ime, lozinka) values ('kmcyrjii0yjyihxv5m91', 'll0kglaa0w93v3ky7xo7');

insert into korisnik (korisnicko_ime, lozinka) values ('7k8ucjbtkpuc7pnvc7e9', 't2sjsi 7doek4q8pluf3');

insert into korisnik (korisnicko_ime, lozinka) values ('qg7lw2cq5356dp0pbjvr', '3t84gaqmc87 gni3ctbm');

insert into korisnik (korisnicko_ime, lozinka) values ('cpjmw4qfbm36xl0tp 45', '1rl3s2tv7wi1xopuaero');

insert into korisnik (korisnicko_ime, lozinka) values ('600dcgrh53d0v0cejd8r', 'by3vw79h8j8pqkxdua0m');

insert into korisnik (korisnicko_ime, lozinka) values ('lc9qir pybc6hxivmm90', '  4is09ra7r3lrkle7xg');

insert into korisnik (korisnicko_ime, lozinka) values ('l59acg2kp0u98gu34d4l', 'htqkfl5931yqquckjeel');

insert into korisnik (korisnicko_ime, lozinka) values ('vnjl d97ujqx4m1l0ewt', 'dv8icdo2cnrjtosl6tja');

insert into magacin (sifra_magacina, naziv_magacina, adresa_magacina, sef_magacina, telefon_magacina) values ('tu8b9', 'tfrnnr950jyo9uxjkuoaeu cv1w 20y846qkk8kvht eoqob58', 'fnmeh6c97p492crxvdmea5c81aw7hbfc4au07sr6nksq5esv9m', 'mj5n0vnir7trlctc8calsjst4igcby57mn3o8nu8y5li8ii5wd', '3073v5tk2pwi5vx77uo3');

insert into magacin (sifra_magacina, naziv_magacina, adresa_magacina, sef_magacina, telefon_magacina) values ('4ld d', '9scwoktw pw9o1rwm6am8ernvee4tegnbehqoxabsawmjyc47a', '1q6ctsaggjk0mbx2du5yw06p5rwr2oakku9bvqsgno02lncq45', 'vmijfv2v2h5g2ln349h846uvhvmufu0hv5 5cubbh97vqhy4p5', ' ov2qpj3jt4a37g8fj86');

insert into magacin (sifra_magacina, naziv_magacina, adresa_magacina, sef_magacina, telefon_magacina) values ('k5kfe', 'mqx go85bjxa9xhf4updmp89vrrqu3ys9qiei6c48uryrr1ad1', 'ubygw1lakwbevmarqn0tndgx9bx0rabq8epastqvs5x7wgh ap', 'tnn5b0s hgpb9yt2wpuvk0giayynm0abgg0pv7tbptw7w11i2 ', 'jusll16fvniege4rbbm3');

insert into magacin (sifra_magacina, naziv_magacina, adresa_magacina, sef_magacina, telefon_magacina) values ('f28av', 'qhgaw3lommpt it1xvc93vv47 ljyabcr9v22aqmmgp53dtdbb', 'gssk126ir i39umfoatialnjw841hnwnyf2opf01 bsoedrf18', 'q 63qcc30k7353tr67p6omc4xx 4txfd6u5sx2j5il3ok1e5gs', 'yx cngli3cfm2y8246p1');

insert into magacin (sifra_magacina, naziv_magacina, adresa_magacina, sef_magacina, telefon_magacina) values ('kelg2', 'ou1wuscfrityw42cdtkgv4dl2pqcop0 rmgsnjdwoowo10ytv4', 'ry40l yp7kua1d0lanxvh74nr dms8j0c6aai2etqlb3jlr43n', 'pmjwmy4p2ic14rp26ckd5hju65nyxtodaaafuh9jimosekcwl0', 'se57ehw42s4xqbwg 7ke');

insert into magacin (sifra_magacina, naziv_magacina, adresa_magacina, sef_magacina, telefon_magacina) values ('j4 nq', '06f1pwfuydqagu6 65rbnk5r4yhv1bmbk1ufissqih7p99w8qm', 'atl0bse4 k9gog8j 1n79t6wqpnt0w48l5v9fgpj5l5fjhxpki', '48l2j44xf19g0oo wtlei66uuhprhfd4wshcc65fvod924oi3w', 'io4wwparhel0cb8yu3vc');

insert into magacin (sifra_magacina, naziv_magacina, adresa_magacina, sef_magacina, telefon_magacina) values ('pot5o', 'idp3fd2cyyy2dj5qepx6kcup8q77dcdv379n5u d0nkr8o8x9h', 'qn61 k4b2a5vt5rc7jxgh  oscx1xkjdtbgqdxnot2bylfvdu8', 'iye6rnpomsvk4 6mkb9d83tkh t1pqntfxyufi37wqrx5 3grh', 'q3cufkg9kfp83t dbdjb');

insert into magacin (sifra_magacina, naziv_magacina, adresa_magacina, sef_magacina, telefon_magacina) values ('8ew3u', '8knd 4vi65f5wmpm31c9pl5svnpg0bjrtxadns2eb387tkdq8g', 'xniepay492iakve03blom0e 94sf7rji9ve3rhuill0dhuf9o4', 'y xh0pvxnexj40cjib5 p6g2pyghpd4yi0h24a1wf34s26envi', '1qvk05rthhov8q1t973m');

insert into magacin (sifra_magacina, naziv_magacina, adresa_magacina, sef_magacina, telefon_magacina) values ('9jtt6', 'hkuotc1hpcbpar9t2l7vp4skgvch2wuqefk8andkljntdxa944', 'rok4onefkq5kd9d1rnpt1 pmjl9k5ehkv54dygsw1a8cv8c31v', 'hj6 cxrwlx pv9f7tgrxl8bophvavm81ms0aqwbputu3ekk5g6', 'xmo3txkkuox3tbf8g56t');

insert into magacin (sifra_magacina, naziv_magacina, adresa_magacina, sef_magacina, telefon_magacina) values ('19p1p', 'qjil1o4c86or77dbpysads355hm4rwvuux62l0ph hy9sq1gtk', 'i8ldhvpd1ca59hh5qq9mu4gmgbm9qjr7pkuunb0wphxcw3xl q', 'cddtxlslvm8c6fhdn415854k0f7h97mxbsa1cx42bp47qulvfn', 'nutfmqen5y6rutntcbbd');

insert into magacin (sifra_magacina, naziv_magacina, adresa_magacina, sef_magacina, telefon_magacina) values ('4swxw', 'g4lgdymjreru7dxca15p 0p8kk7pjw2rbcwiyjjvf2hrd3  bb', '1x9m2povp3l1nwcst0 fjui05vm8e9rigc51qxkddcuaj mkop', 'rapt0q7w077g5awifv p20cd85ad5 kflld1qv0 ngivm0c83r', '4ytcka1ui5amahp 6nyy');

insert into magacin (sifra_magacina, naziv_magacina, adresa_magacina, sef_magacina, telefon_magacina) values ('4s6ji', 'le9g8a4781af9cbd6csb d6t9s39n4oyxb71 n3yt66nw3axky', '89g6s4i4g3kbt1u42 1wjqwbvh2tu6 jtwo51k2a2v171uya91', 'nlqg0qkpns e98eray7kxf4gp35rpvoqm5th876t2nmvi742wf', 'je 27m52 9ly   ymuhh');

insert into magacin (sifra_magacina, naziv_magacina, adresa_magacina, sef_magacina, telefon_magacina) values ('u3l03', '9eq fimpgt85mcc6ut26wu14jx4v 0at5s9nkd7rxkpce459pn', 'eg7h04mutxjcmwrg7bxl8cttbojxxmkt7u8pvktm76de00r2sg', 'yfd9l0pmmb1os9jnp9wea16c74coxb2563msdeuphf853hg6fx', '4gcu4qnv8lo1panb1449');

insert into magacin (sifra_magacina, naziv_magacina, adresa_magacina, sef_magacina, telefon_magacina) values ('7y5t1', '7xu84d2fpj1wq l5letvupg p436ubl4vv5qi0t24y24iy70i8', 'a2u2p7upjucoi0oglx dq5lr36wt6x5o294ycdwmfq6uba1299', 'rcah 0l ka5u2mq9ylxgvdxx42iyukmpi7rqyk79y 8hi14mgl', 'r2oqc6jq06cjf  rewvn');

insert into magacin (sifra_magacina, naziv_magacina, adresa_magacina, sef_magacina, telefon_magacina) values ('0f44a', 'crjuafhvrr2oum22v7qldjg3hlbv nd893e260019bm85dkl4v', 'awcqb2p0f209xce2qd1mqyq6r8tebnic5dbpiubs7ay9n4kwqc', 'wlxgpnfi3slhpspjdwwp8u8ysmjgjx6w2njibgru1oyamfu40n', 'd7x2fbajlxwl84secf36');

insert into magacin (sifra_magacina, naziv_magacina, adresa_magacina, sef_magacina, telefon_magacina) values ('g0owy', 'fyf3y7xhy oim4wmmxk2e3x8of9sjkacekvktykp04beq3cm87', 'sdhl5cwsh2jjnccswh917y6rb8rx0okt5 6mkyr6h3ka8y w3g', '4yekypm8motx0yd3pyvaonnsm81xb1o89k7em0mplaefvivwrx', 'ej6nq2ah3dj59mhy78u ');

insert into magacin (sifra_magacina, naziv_magacina, adresa_magacina, sef_magacina, telefon_magacina) values ('qo8kk', 'xtdmmwbqidvwq x98cdjw2dsyftmmiqsboah99fadhs2reh3us', 'kyshrm4gm0cv3fgwrhx6ywna7rxenaf4c5otqpyafuagllll3w', '41mwiupaalenjbdlq8nxw3snhagjvihdjoyr83n7bscly6yup4', '6993qsy 94nl25erfpov');

insert into magacin (sifra_magacina, naziv_magacina, adresa_magacina, sef_magacina, telefon_magacina) values ('qm1bn', ' 5nxe94aarqlnfrvstfpxij4hovgmjfxm cvj8sc6olcncod7x', 'gtg7ei63jgb86xdfm bo42e8r qk5kysh3o4xn3q2edwaedxhj', 'bsquxxscfbs02057xpnbejqv7seluyk1t7g222uide4w2dpoqi', 'ujnjrijd8u98brch7i7p');

insert into magacin (sifra_magacina, naziv_magacina, adresa_magacina, sef_magacina, telefon_magacina) values ('i2pc9', 'o0ui82wdeb4m2n0dfqh2br5i0mjewwk2d6gtywislgtxdkfj9p', '3yl7j8thlbecyffwfiylfco1m5b2y1dk2sy5v5pjoo6hpdyixy', '8civ 87 0vbii4ul2jwl5la978xwyylw9pn6hhyu361i98irc2', 'rv9lu90fixdbe0b2nbrr');

insert into magacin (sifra_magacina, naziv_magacina, adresa_magacina, sef_magacina, telefon_magacina) values ('h9iwt', '1kfimeqiaxo0hkvh4joyinnltj84vv5553bdklcd0ro0aregda', 'xamxnq7oginggoo4ib8otav63lnfvtsuyq1rferxmcw440qs57', 'm vn73wuvjmmr5s29swjorvdt02emp3ume06mjdeg8g4ob12jb', 'ppqnnbgpn5d6pjxhlfq0');

insert into kurs (datum_kursa, ron_evro) values ('974-3-24', 6);

insert into kurs (datum_kursa, ron_evro) values ('234-7-20', 10);

insert into kurs (datum_kursa, ron_evro) values ('2017-11-21', 8);

insert into kurs (datum_kursa, ron_evro) values ('1578-3-22', 3);

insert into kurs (datum_kursa, ron_evro) values ('470-8-4', 17);

insert into kurs (datum_kursa, ron_evro) values ('354-3-18', 15);

insert into kurs (datum_kursa, ron_evro) values ('105-2-8', 13);

insert into kurs (datum_kursa, ron_evro) values ('1833-2-8', 18);

insert into kurs (datum_kursa, ron_evro) values ('1100-11-6', 2);

insert into kurs (datum_kursa, ron_evro) values ('1913-3-11', 1);

insert into kurs (datum_kursa, ron_evro) values ('641-11-3', 5);

insert into kurs (datum_kursa, ron_evro) values ('560-2-17', 0);

insert into kurs (datum_kursa, ron_evro) values ('738-12-9', 19);

insert into kurs (datum_kursa, ron_evro) values ('1201-4-1', 4);

insert into kurs (datum_kursa, ron_evro) values ('1297-10-26', 11);

insert into kurs (datum_kursa, ron_evro) values ('1402-12-6', 12);

insert into kurs (datum_kursa, ron_evro) values ('1-1-1', 14);

insert into kurs (datum_kursa, ron_evro) values ('1504-3-24', 16);

insert into kurs (datum_kursa, ron_evro) values ('1714-3-28', 9);

insert into kurs (datum_kursa, ron_evro) values ('857-2-19', 7);

insert into kupci (sifra_kupca, naziv_kupca, naziv_kupca2, adresa_kupca, grad_kupca, drzava_kupca) values ('   ', 'wl27p4h0thpgdh 2ovkxb29efkbgcxq24mwx0g017omi9m2ybb', 'f8f3bj8rqlh5p76svjfrgy1svvxl8j4sd7ex53xyrqhq3vjho8', 'hvv5qilc2qn6846v5v4tpk5la h4eo2wx1hhwlhxete1nlwmpm', '7ftph1d5xej1s16yha5xcvg8c23w 7', 'ckoe9i8ypdcy8xix766l8yi1uyx97t');

insert into kupci (sifra_kupca, naziv_kupca, naziv_kupca2, adresa_kupca, grad_kupca, drzava_kupca) values ('  0', '7xicxvui9sm80938f56245w986mp087ygvy n7ua401q0dd095', 'c7ubm8i3i l64 adbx6qhj5b2o23ntojolttljlt2p6edgbk3p', 'y90rayxapv  f8902mg0plijwd8mkjhdy4jumrt6mi7hgqg9ky', 'bvh3uwq5fndn8oy007tp ko5gecvc7', 'bc3jnsqm6l8a4mvjj6 psety4t 4m4');

insert into kupci (sifra_kupca, naziv_kupca, naziv_kupca2, adresa_kupca, grad_kupca, drzava_kupca) values ('  1', 'l2o 7r5qmiq7ij4eskoqq79e28nupyi19mgih8ed4u5kjgh1xu', 'w407xr980swyvrs6xuseejj62ehnali40i4jnjxyjh2qw9veyg', 'jorxs4vdohlqi9rnsrpsu23km0 4kodmwj5ur9d1aj9k 2gvug', '1sij461dv38vmgx3deb4 c8qvi8bpr', '3w2nvpd2idnbteh fyc8w3og2muv2x');

insert into kupci (sifra_kupca, naziv_kupca, naziv_kupca2, adresa_kupca, grad_kupca, drzava_kupca) values ('  2', 'a0y3f ujqi pmnwx4 9af0kh08qi7yugky6aqj6gyf8dflu88u', 'h8sos1dygunbaacnrvk3wod6ds2c53s5c9erkcfcn2jl0owuba', 'w33yggccsgvt9k0i5k27x4 3sm6 hnfwi1uddb5eiyspdiwm3k', 'nay11hbeks92mocajrxpq08mvxo2j ', '573ggdjmdr1lf 12l37ieylureew2e');

insert into kupci (sifra_kupca, naziv_kupca, naziv_kupca2, adresa_kupca, grad_kupca, drzava_kupca) values ('  3', '923d3c fq5d9q5lo5rrqiw0xmm9c2ra d9nwhaomc9hoer8mtv', 'm0ujgedkagnai hihakapdx5pb8yrwkqcrgwt85a70dbbjcqvu', 'jre5gjavmvrl04r8gby2i1p7vub cx4l575hxariy0j3m6rjjf', '59c4nbxuek3pjtor822oxeny q02n3', 'w6f0xb05fovjpff yf5xhoas15lu51');

insert into kupci (sifra_kupca, naziv_kupca, naziv_kupca2, adresa_kupca, grad_kupca, drzava_kupca) values ('  4', 'gv qeokns29spel0rw67klfadvc0ejan66dxkkj52qpoqh22he', 'bgvehpmhc4a6pu0y6hnb2y3g5ulxvi60bmo9x3c1nexjc2g6h7', 'pfi6v1td28qfao1fv7dr41y9ja 4i5rslwytcljv0b49k5hso7', '0jg wu ry9hjm d2287s8i3yih17uv', 'b2pd21cpe77xr0t6s90hkidbton1bg');

insert into kupci (sifra_kupca, naziv_kupca, naziv_kupca2, adresa_kupca, grad_kupca, drzava_kupca) values ('  5', 'a31d49d5prtftipj2gvt7dn4dqmw6pa9jxfcnn6paw4isk7p79', 'fptm1brojcinsk4v1et19kbl5weyn9nirogji9heod4nduobo7', 'ch86l0u6i2 k 1vs8xf92j 58jvmy6244xs  5 i75 hadc3fj', 'fvot1n88hiox38v2lf36rsxuhrs4hy', 'lja15v9vw2g71ciwjkrb0xywxkv29b');

insert into kupci (sifra_kupca, naziv_kupca, naziv_kupca2, adresa_kupca, grad_kupca, drzava_kupca) values ('  6', 'lue5ervcfidp22eoy3fjwhibwesaa6hfvh3qm0jy8lae37wfpj', 'lo3sc76aopuqahft6jod8mecr0j c2bchdews8su ud4jhi377', 'bqk 69deyx211gmngtd6trsjaxth2oao30eh65n1jajdwed6s9', 'fmt9 np0f4o98gi5qpbyrqri gyjmq', 'tyu8s38tw2468fflbv0iq499y83rj ');

insert into kupci (sifra_kupca, naziv_kupca, naziv_kupca2, adresa_kupca, grad_kupca, drzava_kupca) values ('  7', '0h05iwmyjtv8b spf02x9 wkrm2vr9pu4lh71nn8wrfxr1avob', '0c3fpivnwmk63lhk0lqvj20mkl97936xpy06rqa9menxbavifq', '71p8kfi8wko66fra2r1yoo84ane l57728c1l28y1g1 5y8483', '5psgqugqia2aqpsv4aee9p1ac mx01', '2kl2y6uhg3k9e2tm950q79c7ct mql');

insert into kupci (sifra_kupca, naziv_kupca, naziv_kupca2, adresa_kupca, grad_kupca, drzava_kupca) values ('  8', 'temwa7qr30e9wgljl ik9px9q5iobkbmf4x74laqnetk34gh4h', '1m50t4ga6l0v4sk uku9aak0sxh8f8s2j9ibv6re0ve0hr29eg', '6oski5fwo0653tntv1ipv wejawcbbo9f10 td6pa0mwqkxdtu', '2e1sd9pag3l924hlbbi6kgrvsippgn', 'mg40h xoex2jy78884fv6iti i6hd2');

insert into kupci (sifra_kupca, naziv_kupca, naziv_kupca2, adresa_kupca, grad_kupca, drzava_kupca) values ('  9', '0lo0t0yhy4loxatj0g11q ohpc3wx36javx6v6rd3hvc9ccwh6', 'f0j 94416s9kwf wn21gt6aj1n4jcnb34d3eviog7vx38q usx', 'nmuga9y0tsq fn0l 7g4v48d6296vy5x 7es5dgyvi2hk2lo0m', 's 3gay1qx6b398pxgqqcev8xvlrc8t', '2qg8b0 q8dwijtmsp 9fcidf hukvf');

insert into kupci (sifra_kupca, naziv_kupca, naziv_kupca2, adresa_kupca, grad_kupca, drzava_kupca) values ('  a', 'm4hhgmfsh1cnaupf3dml5yl1q2aaq5j19s3rqv06u65wfpbf07', 'kdmtjgvh9m618yq8ha7xejixf7vv3ra373sn4mvpl91clu62ja', 'ow4uu7mdroq96g3qqpmnlmrrxhf 8c0kkml yggj9cufpfcmw6', 'jq46kl8j2ca7a9 1rpqwwqp xo92n0', '0pb5ns6nidu3ggfmk johaged1n3ir');

insert into kupci (sifra_kupca, naziv_kupca, naziv_kupca2, adresa_kupca, grad_kupca, drzava_kupca) values ('  b', 'qgk9u0ni04552md5cun33qn515xetyjf ls1rn3qpf5fkl6p2b', 'r7436w22mrqkma np cg7 6i hsrivlro4l2gamlweaehrer95', ' idcsspwd9chnh8e47otvelrq5ulmbxinw55 vqy2ets6rjmqs', 'ivb4ig9pce3c93gif2eb6xhjfnibai', '3o79r2vh24s2knwijnt55b4795o12t');

insert into kupci (sifra_kupca, naziv_kupca, naziv_kupca2, adresa_kupca, grad_kupca, drzava_kupca) values ('  c', 'py q83t7ltk8e5ec4r2bc qaoc9nw5d9wvokwhfgjplf6s2k6t', 'fk8nh6si6315buqlhqs4bjsq toae 4kgwfhdxvdxf4yuhehco', 'nrorkr3n6kk9p87aq xea68dynjve0lgukahxjqoolew17eqcf', '1270mi2nu 6x7p1ku0b64b7q54sh8b', 'wqcuc1tnx3qe4046625i kv5jas3i4');

insert into kupci (sifra_kupca, naziv_kupca, naziv_kupca2, adresa_kupca, grad_kupca, drzava_kupca) values ('  d', ' aounc52 ikjfbi0sit 0sdnjtfxap 9j0565qah7x64mocfm0', 'pxpd1u0i769mkmgmfr64b56obuodsqnqxure0qfj7bptird81d', 'ypibsqdbacki1ho8we8hnkqu2rmi5qjy06hfsj6topnfjpym8h', 'y5da8wpekpw k2wbfef5mux4 6f44p', 'de1jmdccocs1d8kd5 g vgfjwsb7cd');

insert into kupci (sifra_kupca, naziv_kupca, naziv_kupca2, adresa_kupca, grad_kupca, drzava_kupca) values ('  e', '3ltm3xrokkim1 cuv326bb4qnjf it4hombw1l8a vau7nm8r1', 'jxtwx1c p0nbs1cfvotk78x0vfkg i8okcrr4w2yape60 0vv2', '1b 3474f2lhfdso95vgbvwmha9qfvbrmq 0m1brfy3nd9w9ee9', 'suwb3qjq82ghyff91pyf0og 5u77rg', 'o0ot6t9gvjlul5j5te6rynrl1hd243');

insert into kupci (sifra_kupca, naziv_kupca, naziv_kupca2, adresa_kupca, grad_kupca, drzava_kupca) values ('  f', 'gvu0horlkinsvcil141kl wefbppbnnnfktuum7fu0on44cbsb', '3e86v895 72h2ms16tm3jy5h4ej92v 6afa9ldtenj8hvm2lsa', 'cs btarqwtb7lfyx3faio ge9fho83pcga3y01x7wefx pip8r', 'y1avgbgsd9ajuydduhx9pfel14kgds', 'sxqgydmr 360l4lv7f4dmg6 auhsd5');

insert into kupci (sifra_kupca, naziv_kupca, naziv_kupca2, adresa_kupca, grad_kupca, drzava_kupca) values ('  g', '9h54gvsl9c2kb cjnv8hli9r it9yyf0crt3regpyl1jg8on6w', '4kwof7kyfuvlrfct3nvgvf42141osaxcboidng20qyys90 s8t', '0wycuw2sjojd2fm137v89qgcalvk6obty a7v1a3au8oq7osy6', 'ibyq76kho2 qboh3g62994ia75sado', 'um8fr84oy2 187qh76s7jlu9pgbt0w');

insert into kupci (sifra_kupca, naziv_kupca, naziv_kupca2, adresa_kupca, grad_kupca, drzava_kupca) values ('  h', 'i6ghylcahdxw19an7dqao99864ky16kk2l8d7u me0rttqi3md', 'mx67ncya5am7l8q vtsoqma5 rwwjk8fyuwl20c6xiq6h6ucma', 'ah71jxfvfp2rsib9eoi7 c0ttsstnt6ste65cxs9hw568gs1mv', 'jyy5ykfav8vixw71sxffin69tx y91', 'seg0bcn6xksxsuniuh1j1boe3o924 ');

insert into kupci (sifra_kupca, naziv_kupca, naziv_kupca2, adresa_kupca, grad_kupca, drzava_kupca) values ('  i', 'a6sd2t0w6 91i70q7fhfh esxn5juxyl6ycpopqhoe9my02lm7', '619y 9pait0hhi1rl3xrf7bwlwvj xlnlhy7hb6qcc0saeas74', 'm1e3awff4movlpoljd6mp0jwegdnee yyiye68wfn82ahepsgc', '40go7rwubkmx2bu592uhf2o74cq88t', 'j9ii51  s436 3evnhsxu 6ft5jirc');

insert into roba (sifra_robe, sifra_magacina, interna_sifra_robe, naziv_robe, jedinica_mere_robe, komada_u_setu, tezina_robe, kvalitet_robe, cena_evri, cena_roni) values ('mrl9rf n22jh8l0n0xapvobt2ogo6c2e9w jh5nlx31j0haqyndorf8qttcqktme8op77cy4dlo', 'g0owy', 'bitpfhfc3ri7y0u6w5kb', ' jkar 9s5k90aeinoa6lnbxhpb0n9gflsv4o8y6g007p0ox4taned0bshgg1bfld87wtcg3at2r1ho5evk4rxqvxwbt7bpcrtcol', '2m03aabga4', 5, 6, '0aidnlf 4b68t69okfu7tuu8pkq odcqihettu2i43gh3uxt4i', 13, 10);

insert into roba (sifra_robe, sifra_magacina, interna_sifra_robe, naziv_robe, jedinica_mere_robe, komada_u_setu, tezina_robe, kvalitet_robe, cena_evri, cena_roni) values ('h0 6ksh15tdfhx7k919cm6c8  e4vouy7x30hqv2aubjdrwb poikwogfdnardlq98r 37xj1c6', 'qo8kk', 'vuols1ots8ls57dcvoii', 'kdok3h1vdqb9o aqemfja5po gjgn549i2 a0y3cgr0cndunyba1m6l85beyijtayhiaebuxn651xo95y05mlquyuhljuf9gt255', 'i3gq1ns39i', 16, 1, 'qkauekgidn9hi uy5mv8wr1iudc0 2gavbc2iplqq6nqqh4n4 ', 7, 1);

insert into roba (sifra_robe, sifra_magacina, interna_sifra_robe, naziv_robe, jedinica_mere_robe, komada_u_setu, tezina_robe, kvalitet_robe, cena_evri, cena_roni) values ('6 wh4fb39 f0quojfy36a3y47ar7y4ewr42 0v9kpxw7pdtii0mgbut6r94t7 qfpx52ecl6rpj', '7y5t1', 'tt6b  lkok6 pgobvvdi', 'qb4b2 4gas06wf39i3s78q88rqut7t774tpjynok5qgwhtlqbmmmn9qv1gwpd8bnfo9tp612mfusiykknpg4lv 21mmqodne1sbs', '65f8pl jim', 1, 11, 'bqoly6lhevhg1l c0tav38soq17oqe4euhmanjjsmw3acipl9q', 15, 11);

insert into roba (sifra_robe, sifra_magacina, interna_sifra_robe, naziv_robe, jedinica_mere_robe, komada_u_setu, tezina_robe, kvalitet_robe, cena_evri, cena_roni) values ('kjvf1bmxtwh82if4doytr9t5v1r12cxu2r0pmmw46lq7xblt323pwnha25pxd8gf4a9ks13hy95', '0f44a', 'y5cjq9mb2ep1bu0do7nu', 'x6qie cmy5b3rraxpxb8v83tqsp632c8bor4we0fy9lfn72hr8dj8fe37megdhqaqck06tuitogfujllq79xj9f2 j1j91re8av0', 'qxebnsba8x', 17, 9, 's0aqj0gnn4wmb5lt3kxx47kkbiply77xbds8mieke2f70moolc', 4, 5);

insert into roba (sifra_robe, sifra_magacina, interna_sifra_robe, naziv_robe, jedinica_mere_robe, komada_u_setu, tezina_robe, kvalitet_robe, cena_evri, cena_roni) values ('gxwqeoj75xxuwvdkaa5h0phtl34we58 b8y66blwiw47h1qlu1ofjb3q 6b4h98cs50inu7mux4', '9jtt6', 'd 7w63x3cy4qosqchude', 'ybqhyahsm8laqqh4tw1g3ndhupm707yrk2f80ilxvvrw1a oqhyaqoi3ulfpdbdm28nxqd446 m12u1vn9tw7w10os44vc6u3200', '47pe302j 7', 8, 10, 'igb1my969oicsurhdlpc9vgp1a4bu fnaoibu4vkb3fvl 0216', 12, 2);

insert into roba (sifra_robe, sifra_magacina, interna_sifra_robe, naziv_robe, jedinica_mere_robe, komada_u_setu, tezina_robe, kvalitet_robe, cena_evri, cena_roni) values ('2ptlpvua13 8rmn00gdd3kvjkiipju6q8c1uod0havahh16fy8 7wxqvji5wmwtpuf1p21thi9a', '4swxw', 'w6rv3jbr9cc6 uo8 tog', '0btcq6lkeweslf7t01woecn05lsd1t 6yetdg32pqh6b78lxtee7ngu60v1 uq1hs7qutdbu16w1s0befucluadofh6564f6vsg2', 'k5ealukct ', 13, 3, 'whgnrgkhxhjqx ariwy81bbt8fvtr7uwon02633078t ayofif', 2, 19);

insert into roba (sifra_robe, sifra_magacina, interna_sifra_robe, naziv_robe, jedinica_mere_robe, komada_u_setu, tezina_robe, kvalitet_robe, cena_evri, cena_roni) values ('t9ffsqu9p4v0bum4xl02n82nt54ml8tnm9l55bhs500415 cc t531ib91ltxc8jmc23h1jrcko', '19p1p', 'sqvqjr1gwnv5 if6v2sl', '1qhsa3jgd1nntowl 1wyiau9bcfuqte5xwohqvepjqse2unqqyxmlq2d9r6b4ed31lv9qnatlfslhqjbebxm2qbdmsorv9hihmxp', 'p8ksei267p', 3, 19, 'bfjau8xhjwo7370cl9emrj1deqkkuu5bxv2nocsa4s9o735wlg', 3, 12);

insert into roba (sifra_robe, sifra_magacina, interna_sifra_robe, naziv_robe, jedinica_mere_robe, komada_u_setu, tezina_robe, kvalitet_robe, cena_evri, cena_roni) values ('f5iv764och98yfm3shydl2801ohivfirdm5pos3kx52t19juy9g91he7tjh3c gvccn29 r4acy', 'qm1bn', 'm00wk31xjl29042jpqie', 's5bkhlpkhb e0f75jqgxmvvk mdx2tpokl3hsmduo2rw5l2rsqsg8gngm70ma0uaxqjvs1m8s02g67l6p9x710rd4cuk92  uv3w', 'k1s g8wig5', 15, 18, '3cxa1iq4s19rfqht9uqnltu41ir2ud vuv2243s7vykgsoahll', 17, 14);

insert into roba (sifra_robe, sifra_magacina, interna_sifra_robe, naziv_robe, jedinica_mere_robe, komada_u_setu, tezina_robe, kvalitet_robe, cena_evri, cena_roni) values ('0jy8ut2l0ow549s63xyobv4uqyxrnq8qr 9ymupb rqgw91 ixrbxgoukb9j2pvg2f7ofksvn3r', '4ld d', 'ourxiy8fg4lq8wtpe55q', 'ec6xqpjh nxice0594ukysmorxnggsif63n8k7577dy2xoh3tbhmrxmh7j9p2w 4bujwh4cm3smhu9am876bbmeepu4y413hr6au', 'ddrclpawgd', 2, 7, '25gwmhawi59nfs21v4n8b6l3mr1ve4iwxf 2xjc9byvcah503c', 11, 13);

insert into roba (sifra_robe, sifra_magacina, interna_sifra_robe, naziv_robe, jedinica_mere_robe, komada_u_setu, tezina_robe, kvalitet_robe, cena_evri, cena_roni) values ('7bqrmh568cnn1ne b0l8g7ga66kxtm18ytle2a d6q1j47uj2rv6di8f2eelyqgq4gublf9xi16', '8ew3u', 'xj4kxmix0fc m72ud4pc', 'umxileonmro1rdarla1k0vhs8owp s8b7d5f9rtsyeei7i3covy jmh16oqu8bnv9kmpbencovjx4bsqtsycb86rvlhnchmatyfh', '2edbqml15r', 6, 5, 'cyn7ojd gwe4a2ol4q  cc8inwh9d8p2g0thspy0n0nr6ow99y', 14, 15);

insert into roba (sifra_robe, sifra_magacina, interna_sifra_robe, naziv_robe, jedinica_mere_robe, komada_u_setu, tezina_robe, kvalitet_robe, cena_evri, cena_roni) values ('r0kspl61i3kcwnbq5dxrbu0hprhgwjqro09vqgwlxt00e2s6xi9ve3wkpc8go92gim0c9 54  p', '4swxw', 'v 6ybrviw185vrttl7fh', 'oxm2tfm pgivg4c63qifeebqs 9mvs nvw7 itk5so9 5cqr7acm0nwhrliaku5v40of2dqottwknj77p1fd3e9 348x8i7m9w9y', 'pnbt9mgk8a', 0, 14, 'mkd5giyjnjxdv5hvh8f7n8nc1eck9l4pc1e0e4i84nvgt2fv r', 19, 18);

insert into roba (sifra_robe, sifra_magacina, interna_sifra_robe, naziv_robe, jedinica_mere_robe, komada_u_setu, tezina_robe, kvalitet_robe, cena_evri, cena_roni) values ('w37cf2 1btl54dilr3huxfmmxcas57eobgt68pqo1uuh9olmebrlwg53ve9dd0120fb3at0pl46', 'k5kfe', '3ws9m7mucs57o4v3lj4o', ' wul nbesb6aa7gv6au77e7gclt6tb3hut0q107lorlpa00m dhua932hj0ix 65h uoir6ggkovpokhcefe4lh9f7chhohdsuat', '9mtdnq2rpt', 14, 16, '1 vk r8irul9yoa5cgj0iqt07q0rp4ady99igxihfyyiacbr0e', 8, 6);

insert into roba (sifra_robe, sifra_magacina, interna_sifra_robe, naziv_robe, jedinica_mere_robe, komada_u_setu, tezina_robe, kvalitet_robe, cena_evri, cena_roni) values ('b4hbmw1hh6lik bm3do969b kfdbw1pmmuilxb9sbkoddmdsuufmhywutf5f5 113oho3aflkti', '7y5t1', 't827s0oc11omol6fwahq', 'hutmix4 6iigcjd33cwu53mnw6uvxdoap6j1cj1 1u5x3hc1dfqup67ddc o20s2npqwlnwo8 okxku0ou9lcysun1m1ovtucgln', '5dxeyoyg3n', 7, 13, 'jfhmb4tr0o2g1dfkj0darr5kh26yto1x94f7wfjelvqjj5nnmn', 0, 7);

insert into roba (sifra_robe, sifra_magacina, interna_sifra_robe, naziv_robe, jedinica_mere_robe, komada_u_setu, tezina_robe, kvalitet_robe, cena_evri, cena_roni) values ('o l623hf0nebpk4vffj134sy3uwemdvrnybuf22okej36be7n0dx5ngem1vfcjj q5qupjb4rqt', '4s6ji', 'ihrcldsttxjcuhaffn8b', '52mlec89dhqnflppgif 749jbfc5lfc1x3i1tcr72nador73meog5kd1osb9rp153ka5fe9xru8b6drxjqfu9adlnm67vdm9wu2s', 'qdpp04acen', 10, 17, 'e2kwqoi8 k t4indqmgf3qmwbtq2mklfl97dtjitj0j2psw05q', 6, 0);

insert into roba (sifra_robe, sifra_magacina, interna_sifra_robe, naziv_robe, jedinica_mere_robe, komada_u_setu, tezina_robe, kvalitet_robe, cena_evri, cena_roni) values ('7n65or7nfgdy8cpc50htprf92h02l9p509wcpmj4n klql 3oqblcqwxt4m5v4k1ayywnho11h8', '9jtt6', 'j7ssggltq459kua5hk71', 's0j5ghnfbkao251cwbio90pvok0 uvdm7nax8i1h3go29u727o0yqo4wje 8i343jw7mebb 78m4ai3twdwddt1nh394ogpgc9ss', 'm wxr028aa', 9, 2, 'lp176tui8kdomyhnksyo451vye9taew8ityfh8oka5ql5cxt7o', 16, 3);

insert into roba (sifra_robe, sifra_magacina, interna_sifra_robe, naziv_robe, jedinica_mere_robe, komada_u_setu, tezina_robe, kvalitet_robe, cena_evri, cena_roni) values ('r328cf9sv50u7rs5fklqj7geutrf5iiythmxxbabod7m61f3sa9s6b9 7b9ssec15uip4m5y147', 'k5kfe', '6tli4e6t2vldf4nwqyyv', 'cwt813s5hd88ci97o6gc5ue57ftqvejcns7bl9qrb7kpl8x d1tywxx 84nn wsh2 o3h wriagfdnri66y8qlany1qu7gtmh4q6', 'kv81ju2of3', 18, 8, 'oy444jbr2t9ekl2d8fvbptu8i8o993aqbeh5t7d6fcgg50u08e', 18, 16);

insert into roba (sifra_robe, sifra_magacina, interna_sifra_robe, naziv_robe, jedinica_mere_robe, komada_u_setu, tezina_robe, kvalitet_robe, cena_evri, cena_roni) values ('se4pi6hxg2oo2180wte5f846ds11g1e72  67jiqktmqrekb0lmspj6fwbox6r5nclx2kuo37k ', 'u3l03', '3x6xcphi1wrb9p6safja', '3lodshnd0xgv5 3pa5rgqa1npqrhy8b1cecy65c9jbmgdawouyk 6iy7dhr4o0rvwq1ar54mm1uw4heaedv1xu8fngqt0kvn10wb', 'p7k080im5c', 4, 12, 'wp4sfeeswv5mqk6ga5jrjnf7li2j0e7v8mjuc5ypnwra0vgrtm', 1, 17);

insert into roba (sifra_robe, sifra_magacina, interna_sifra_robe, naziv_robe, jedinica_mere_robe, komada_u_setu, tezina_robe, kvalitet_robe, cena_evri, cena_roni) values ('bqh6sm0mw4kpadm0j6d8bmenho46pj0y0cdubbjb jud226ye52d632c89g3iwc59nba1u418lx', 'j4 nq', 'a0  jrjeej486el0aw1j', 'txxsldi6ui2djtqru 3 pem5hnr5pnwasf5ufl0g5vqljp1ly52ee57 rf wh3xu95lmr2jasiqfdio8e38x5l6fnqkanusq 3gt', 'vyup9rc5n2', 11, 4, '50ua4jn05yf89oqs22f4qrxlksdc99give15hqn mul9hvdi3e', 9, 4);

insert into roba (sifra_robe, sifra_magacina, interna_sifra_robe, naziv_robe, jedinica_mere_robe, komada_u_setu, tezina_robe, kvalitet_robe, cena_evri, cena_roni) values ('pefxuse 7k3vixqwestbl9bg3f4akogf650det db24l3 4l21x7qyo4s78103 05jjlqbkj4jt', 'k5kfe', '34c0c22y1mkfffkyqm4h', 'v4aeoyo2jqdmj4wl2k5x7svd3d74utdur6bwu9picwu1u0y8 0n6igo2f9sdweax ol4j29kolm x4kfau36v251u227dgp2u1 n', 'vox2t4xxi8', 12, 15, '8v3yxpilksl7tfd9gecgw 2ln7uuajji 3cmxjx 5wd2ldqn66', 10, 9);

insert into roba (sifra_robe, sifra_magacina, interna_sifra_robe, naziv_robe, jedinica_mere_robe, komada_u_setu, tezina_robe, kvalitet_robe, cena_evri, cena_roni) values ('hhk5nt22tc4qircfy 1rauyy4eyfp14 dfo59g06hqa30c614exxyh693b5j9aamo315mk7f3hr', 'qo8kk', '2pvxavsjjamomke7cd05', '4f9r2d6ckcel32t7rjxr7egjn4d08r9g50 hrux6r2fw5n2qs8 g3vbn72kbqe5oa06vkp5vk749vnxop5r5o7v1shwdlh8sf4xs', 'n5wl92i62p', 19, 0, 'inq2kbgw68u8luifrbfyj 8kemoydfupmjpujyh6ayff ncme ', 5, 8);

insert into porudzbina (sifra_porudzbine, sifra_magacina, korisnicko_ime, sifra_kupca, datum_porudzbine) values ('tkrnj4322xm3jx4nnb22', '0f44a', '5dsbukjcfs3s291bx6d2', '  9', '1106-2-22');

insert into porudzbina (sifra_porudzbine, sifra_magacina, korisnicko_ime, sifra_kupca, datum_porudzbine) values ('rrbysbj69mktxbgxsxpk', 'i2pc9', 'kmcyrjii0yjyihxv5m91', '  f', '1586-7-27');

insert into porudzbina (sifra_porudzbine, sifra_magacina, korisnicko_ime, sifra_kupca, datum_porudzbine) values ('8f00gia4brlx2yw 1n3r', 'i2pc9', '5dsbukjcfs3s291bx6d2', '  g', '402-1-25');

insert into porudzbina (sifra_porudzbine, sifra_magacina, korisnicko_ime, sifra_kupca, datum_porudzbine) values ('wxyng3cxamcyucp7pfij', 'u3l03', 'l59acg2kp0u98gu34d4l', '  a', '1513-3-5');

insert into porudzbina (sifra_porudzbine, sifra_magacina, korisnicko_ime, sifra_kupca, datum_porudzbine) values (' lxrhncjdoqdbeffr23q', '19p1p', 'lc9qir pybc6hxivmm90', '  2', '91-2-20');

insert into porudzbina (sifra_porudzbine, sifra_magacina, korisnicko_ime, sifra_kupca, datum_porudzbine) values ('3j9qk 20orq9uh7a4yk2', '4ld d', 's1ijchnbkei9wbp90hn0', '   ', '940-7-11');

insert into porudzbina (sifra_porudzbine, sifra_magacina, korisnicko_ime, sifra_kupca, datum_porudzbine) values ('rpsfgf5uthdpaj38ppay', '0f44a', 's1ijchnbkei9wbp90hn0', '  e', '487-3-9');

insert into porudzbina (sifra_porudzbine, sifra_magacina, korisnicko_ime, sifra_kupca, datum_porudzbine) values ('x4bfq5jj4gyrt4enfvpg', 'tu8b9', '7k8ucjbtkpuc7pnvc7e9', '  0', '1035-10-2');

insert into porudzbina (sifra_porudzbine, sifra_magacina, korisnicko_ime, sifra_kupca, datum_porudzbine) values ('bjoh50vk8viw5p0 4cvt', '9jtt6', '600dcgrh53d0v0cejd8r', '  9', '705-3-13');

insert into porudzbina (sifra_porudzbine, sifra_magacina, korisnicko_ime, sifra_kupca, datum_porudzbine) values ('wb8mvbo1i62jljg15w4k', 'u3l03', 'cpjmw4qfbm36xl0tp 45', '  8', '231-1-13');

insert into porudzbina (sifra_porudzbine, sifra_magacina, korisnicko_ime, sifra_kupca, datum_porudzbine) values ('pvr 652l8w4nyakdtolu', 'tu8b9', 'lc9qir pybc6hxivmm90', '  9', '1290-10-20');

insert into porudzbina (sifra_porudzbine, sifra_magacina, korisnicko_ime, sifra_kupca, datum_porudzbine) values ('5am8nr2luonxh51l1p0r', 'k5kfe', 'jhhu 4ppnp2mu6pja8ka', '  1', '1893-1-15');

insert into porudzbina (sifra_porudzbine, sifra_magacina, korisnicko_ime, sifra_kupca, datum_porudzbine) values ('sk3xykjmao3nyo6d2jrl', '4s6ji', 'y rnkkc6smvsus65c8al', '  5', '1817-7-27');

insert into porudzbina (sifra_porudzbine, sifra_magacina, korisnicko_ime, sifra_kupca, datum_porudzbine) values ('0bq3f64gv4wqc9gtpw3o', 'j4 nq', 'kq8el3m lp0v391tmqvg', '  d', '1-1-1');

insert into porudzbina (sifra_porudzbine, sifra_magacina, korisnicko_ime, sifra_kupca, datum_porudzbine) values ('jsx9mdwl69nvkc194gtk', '19p1p', 'ksvtxyn91yg0 uv3j1ne', '  6', '600-5-17');

insert into porudzbina (sifra_porudzbine, sifra_magacina, korisnicko_ime, sifra_kupca, datum_porudzbine) values ('1o2jysvp9lnnhjtt3xfd', '4s6ji', 'ksvtxyn91yg0 uv3j1ne', '   ', '1204-6-11');

insert into porudzbina (sifra_porudzbine, sifra_magacina, korisnicko_ime, sifra_kupca, datum_porudzbine) values ('xbvhkupfuir4 7d0f4sa', '9jtt6', '0 urdftkes vk1c9afci', '  5', '848-11-3');

insert into porudzbina (sifra_porudzbine, sifra_magacina, korisnicko_ime, sifra_kupca, datum_porudzbine) values ('pgygnhepefrxx3bq8d5f', 'tu8b9', 'l59acg2kp0u98gu34d4l', '  1', '1707-5-23');

insert into porudzbina (sifra_porudzbine, sifra_magacina, korisnicko_ime, sifra_kupca, datum_porudzbine) values ('hwjpd00s77pkcu7pb56m', '4s6ji', '5dsbukjcfs3s291bx6d2', '  8', '1384-2-18');

insert into porudzbina (sifra_porudzbine, sifra_magacina, korisnicko_ime, sifra_kupca, datum_porudzbine) values ('qhb6g4xax2bsl7m3 0m7', 'tu8b9', '0 urdftkes vk1c9afci', '  3', '348-7-2');

insert into faktura (sifra_fakture, korisnicko_ime, sifra_kupca, datum_fakture, paritet_fakture, bruto_fakture, neto_fakture, ukupno_komada_robe) values ('7k1b04rtk3ssobxpq6k2', 'v5hqbor3sa6211647mwp', '  7', '1081-12-19', '5yvlam76wbbt rlrms0ixi0tp', 6, 12, 2);

insert into faktura (sifra_fakture, korisnicko_ime, sifra_kupca, datum_fakture, paritet_fakture, bruto_fakture, neto_fakture, ukupno_komada_robe) values ('q0brhgkeandpeqlllq71', 'd42j4hq6pgigbndf35dh', '  h', '522-3-9', 'umsxs9blcmp3fjd5tpfafn8bu', 3, 13, 10);

insert into faktura (sifra_fakture, korisnicko_ime, sifra_kupca, datum_fakture, paritet_fakture, bruto_fakture, neto_fakture, ukupno_komada_robe) values ('0qtfiwvpc4qreqk5eea7', 'd42j4hq6pgigbndf35dh', '  e', '1587-2-11', 'mjhgmssfpccb6t5r6fvmjwivp', 1, 11, 15);

insert into faktura (sifra_fakture, korisnicko_ime, sifra_kupca, datum_fakture, paritet_fakture, bruto_fakture, neto_fakture, ukupno_komada_robe) values ('p087 b4lfur9bvvmr10j', 'y rnkkc6smvsus65c8al', '  6', '316-1-1', 'ceo5nyh0c7cy2k0r904011qdj', 16, 3, 12);

insert into faktura (sifra_fakture, korisnicko_ime, sifra_kupca, datum_fakture, paritet_fakture, bruto_fakture, neto_fakture, ukupno_komada_robe) values ('72ouqpbku4rjbpmkch6r', '600dcgrh53d0v0cejd8r', '  a', '956-6-25', 'ehlelw4 l8h9x8fxnae7b m m', 19, 16, 9);

insert into faktura (sifra_fakture, korisnicko_ime, sifra_kupca, datum_fakture, paritet_fakture, bruto_fakture, neto_fakture, ukupno_komada_robe) values ('6j97ocml 4f8hqfijr3l', 'jhhu 4ppnp2mu6pja8ka', '  c', '769-8-3', 'tm2 jvpvwwv1jqx ekmot49e7', 2, 4, 5);

insert into faktura (sifra_fakture, korisnicko_ime, sifra_kupca, datum_fakture, paritet_fakture, bruto_fakture, neto_fakture, ukupno_komada_robe) values ('9imqadu8fjaypj cu1nv', 'kmcyrjii0yjyihxv5m91', '   ', '229-2-25', '5a4splqfm3ajyxmoeotc018qu', 7, 9, 1);

insert into faktura (sifra_fakture, korisnicko_ime, sifra_kupca, datum_fakture, paritet_fakture, bruto_fakture, neto_fakture, ukupno_komada_robe) values (' 3km xw6qevmqfef06le', 'v5hqbor3sa6211647mwp', '  2', '1197-6-17', 'f28wla b7emj51a4sc5fegowp', 9, 6, 0);

insert into faktura (sifra_fakture, korisnicko_ime, sifra_kupca, datum_fakture, paritet_fakture, bruto_fakture, neto_fakture, ukupno_komada_robe) values ('xrs710lyavh5pdd88fxj', 'kq8el3m lp0v391tmqvg', '  g', '1416-10-31', 'bkofbli9rt29qqu9a7demi2i6', 12, 0, 6);

insert into faktura (sifra_fakture, korisnicko_ime, sifra_kupca, datum_fakture, paritet_fakture, bruto_fakture, neto_fakture, ukupno_komada_robe) values ('gk0s3ujjyvy05g vdo54', '5s6i4ceb2ds10ldj8cl0', '  7', '1891-8-15', 'ojkc9isiccgdt8d2uusa24no7', 0, 5, 14);

insert into faktura (sifra_fakture, korisnicko_ime, sifra_kupca, datum_fakture, paritet_fakture, bruto_fakture, neto_fakture, ukupno_komada_robe) values ('3sgk8y3hc3bnxra2qpe9', '5dsbukjcfs3s291bx6d2', '  d', '629-3-23', '8borsidih4eaud4ylsns2xxre', 13, 15, 16);

insert into faktura (sifra_fakture, korisnicko_ime, sifra_kupca, datum_fakture, paritet_fakture, bruto_fakture, neto_fakture, ukupno_komada_robe) values ('toev1y4n0s4m0syetegi', 'qg7lw2cq5356dp0pbjvr', '  3', '1812-4-10', '1l4x80f48j61r91c1w8vtfntd', 10, 7, 19);

insert into faktura (sifra_fakture, korisnicko_ime, sifra_kupca, datum_fakture, paritet_fakture, bruto_fakture, neto_fakture, ukupno_komada_robe) values ('4qoqjyu5q181devi8oae', 'jhhu 4ppnp2mu6pja8ka', '  g', '850-9-24', 'nhgs wr6jlgqhmxpqgy2qn4n9', 8, 2, 18);

insert into faktura (sifra_fakture, korisnicko_ime, sifra_kupca, datum_fakture, paritet_fakture, bruto_fakture, neto_fakture, ukupno_komada_robe) values ('g6d3hv49toj9 bkewsbk', '0 urdftkes vk1c9afci', '  b', '1339-6-18', '0y7frcexc9lhrvk5q9nvmhm t', 15, 8, 3);

insert into faktura (sifra_fakture, korisnicko_ime, sifra_kupca, datum_fakture, paritet_fakture, bruto_fakture, neto_fakture, ukupno_komada_robe) values ('uu8oodn801hcc47xj343', '5s6i4ceb2ds10ldj8cl0', '  9', '1279-8-8', '5xfsog24xdslhd9drsdskxk9d', 14, 10, 4);

insert into faktura (sifra_fakture, korisnicko_ime, sifra_kupca, datum_fakture, paritet_fakture, bruto_fakture, neto_fakture, ukupno_komada_robe) values ('ufvf3qhgp9nkg6f7sdg5', 'qg7lw2cq5356dp0pbjvr', '  5', '1-1-1', '7pbf212lol vb3ky0sic3i3nl', 11, 1, 8);

insert into faktura (sifra_fakture, korisnicko_ime, sifra_kupca, datum_fakture, paritet_fakture, bruto_fakture, neto_fakture, ukupno_komada_robe) values ('bfn hibbwix2krdj6xs1', 'l59acg2kp0u98gu34d4l', '   ', '455-11-18', '7gm94g6g1ieiyfmh4pec8xojc', 17, 18, 17);

insert into faktura (sifra_fakture, korisnicko_ime, sifra_kupca, datum_fakture, paritet_fakture, bruto_fakture, neto_fakture, ukupno_komada_robe) values ('u298m5sw1ue6qdl2spt6', 'd42j4hq6pgigbndf35dh', '  9', '116-12-10', 'x0msj 09bora6h8o6xnus26mj', 18, 17, 7);

insert into faktura (sifra_fakture, korisnicko_ime, sifra_kupca, datum_fakture, paritet_fakture, bruto_fakture, neto_fakture, ukupno_komada_robe) values (' 9jlwactowrkbbxf2v8e', '7k8ucjbtkpuc7pnvc7e9', '  d', '1721-6-12', 'uxj92648fabb9ufxc0ppi528f', 5, 19, 11);

insert into faktura (sifra_fakture, korisnicko_ime, sifra_kupca, datum_fakture, paritet_fakture, bruto_fakture, neto_fakture, ukupno_komada_robe) values ('vo1yic3mfm6atfqht7kd', '4sx5hi6r115drybs3awn', '  4', '1523-6-8', 'f0g3ha0sq75kwcyiqfidn8v2u', 4, 14, 13);

insert into otpremnica (sifra_otpremnice, datum_otpremnice, sifra_porudzbine, sifra_magacina, sifra_fakture, korisnicko_ime) values ('beli5urpb9c3soiw9dp1ixf36jo hp', '1348-10-23', ' lxrhncjdoqdbeffr23q', 'f28av', '0qtfiwvpc4qreqk5eea7', '5s6i4ceb2ds10ldj8cl0');

insert into otpremnica (sifra_otpremnice, datum_otpremnice, sifra_porudzbine, sifra_magacina, sifra_fakture, korisnicko_ime) values ('fkkqx58u fc971qdetg2m0bnu80366', '252-4-17', 'rpsfgf5uthdpaj38ppay', 'j4 nq', '4qoqjyu5q181devi8oae', 'v5hqbor3sa6211647mwp');

insert into otpremnica (sifra_otpremnice, datum_otpremnice, sifra_porudzbine, sifra_magacina, sifra_fakture, korisnicko_ime) values ('93pu5 5dvmv2fk456fi6xtm5gvd40o', '1-1-1', 'xbvhkupfuir4 7d0f4sa', '4ld d', ' 9jlwactowrkbbxf2v8e', '600dcgrh53d0v0cejd8r');

insert into otpremnica (sifra_otpremnice, datum_otpremnice, sifra_porudzbine, sifra_magacina, sifra_fakture, korisnicko_ime) values ('691g be6c64 7rgk0xyoi7gnpnmoya', '1257-4-30', 'bjoh50vk8viw5p0 4cvt', '4ld d', 'u298m5sw1ue6qdl2spt6', 'kq8el3m lp0v391tmqvg');

insert into otpremnica (sifra_otpremnice, datum_otpremnice, sifra_porudzbine, sifra_magacina, sifra_fakture, korisnicko_ime) values ('x63cpfo2fehwdc1f1sp4 kitcqtypq', '128-1-18', 'xbvhkupfuir4 7d0f4sa', 'f28av', ' 9jlwactowrkbbxf2v8e', 'ksvtxyn91yg0 uv3j1ne');

insert into otpremnica (sifra_otpremnice, datum_otpremnice, sifra_porudzbine, sifra_magacina, sifra_fakture, korisnicko_ime) values ('w06n6ub4kxxtg6 lyogpxsex0sp7st', '1708-3-27', 'jsx9mdwl69nvkc194gtk', 'k5kfe', '9imqadu8fjaypj cu1nv', '4sx5hi6r115drybs3awn');

insert into otpremnica (sifra_otpremnice, datum_otpremnice, sifra_porudzbine, sifra_magacina, sifra_fakture, korisnicko_ime) values ('p7ycv2mg18uj8j1tm6v jub8gaxl66', '709-4-19', '1o2jysvp9lnnhjtt3xfd', 'qo8kk', '3sgk8y3hc3bnxra2qpe9', 'kmcyrjii0yjyihxv5m91');

insert into otpremnica (sifra_otpremnice, datum_otpremnice, sifra_porudzbine, sifra_magacina, sifra_fakture, korisnicko_ime) values ('c9ut84qjj48 6aerx2014kxtg4lklj', '768-12-25', '8f00gia4brlx2yw 1n3r', 'pot5o', '9imqadu8fjaypj cu1nv', '600dcgrh53d0v0cejd8r');

insert into otpremnica (sifra_otpremnice, datum_otpremnice, sifra_porudzbine, sifra_magacina, sifra_fakture, korisnicko_ime) values ('4w5lesb 43x3e4je3qqb2qfhs6q9da', '1473-2-13', 'sk3xykjmao3nyo6d2jrl', 'j4 nq', 'gk0s3ujjyvy05g vdo54', 'y rnkkc6smvsus65c8al');

insert into otpremnica (sifra_otpremnice, datum_otpremnice, sifra_porudzbine, sifra_magacina, sifra_fakture, korisnicko_ime) values ('pqklsdxv4a3uow6wdtnn aw80g0kkw', '619-6-12', '5am8nr2luonxh51l1p0r', 'f28av', 'q0brhgkeandpeqlllq71', '3tdlm0pmpc vun9bfqt3');

insert into otpremnica (sifra_otpremnice, datum_otpremnice, sifra_porudzbine, sifra_magacina, sifra_fakture, korisnicko_ime) values ('jif06hoi1e09e ldd4ib2t21p5c35n', '1852-11-30', 'xbvhkupfuir4 7d0f4sa', '9jtt6', 'uu8oodn801hcc47xj343', 'cpjmw4qfbm36xl0tp 45');

insert into otpremnica (sifra_otpremnice, datum_otpremnice, sifra_porudzbine, sifra_magacina, sifra_fakture, korisnicko_ime) values ('7f s819x74k5qvbnfl057fyjatujgr', '871-9-4', ' lxrhncjdoqdbeffr23q', 'g0owy', ' 3km xw6qevmqfef06le', 'y rnkkc6smvsus65c8al');

insert into otpremnica (sifra_otpremnice, datum_otpremnice, sifra_porudzbine, sifra_magacina, sifra_fakture, korisnicko_ime) values ('b5tmr848r8nmgjitx2ry6u2fo5w6x2', '528-3-6', 'pvr 652l8w4nyakdtolu', 'j4 nq', ' 3km xw6qevmqfef06le', 'l59acg2kp0u98gu34d4l');

insert into otpremnica (sifra_otpremnice, datum_otpremnice, sifra_porudzbine, sifra_magacina, sifra_fakture, korisnicko_ime) values ('pkgqhh2gfscp5rtfunvh636l6h5210', '1609-1-15', 'wxyng3cxamcyucp7pfij', 'f28av', 'g6d3hv49toj9 bkewsbk', 'qg7lw2cq5356dp0pbjvr');

insert into otpremnica (sifra_otpremnice, datum_otpremnice, sifra_porudzbine, sifra_magacina, sifra_fakture, korisnicko_ime) values ('lvug 76aanwpasviy9sog52xfc e0m', '394-1-12', 'pvr 652l8w4nyakdtolu', '4ld d', 'p087 b4lfur9bvvmr10j', 'qg7lw2cq5356dp0pbjvr');

insert into otpremnica (sifra_otpremnice, datum_otpremnice, sifra_porudzbine, sifra_magacina, sifra_fakture, korisnicko_ime) values ('qfqm332csnwiorkwq59yo0pdspikbw', '1150-4-18', '0bq3f64gv4wqc9gtpw3o', 'i2pc9', '3sgk8y3hc3bnxra2qpe9', 'v5hqbor3sa6211647mwp');

insert into otpremnica (sifra_otpremnice, datum_otpremnice, sifra_porudzbine, sifra_magacina, sifra_fakture, korisnicko_ime) values ('iaxucl0 kx5fm8dhpgn7d0ah8hmw87', '1069-2-12', 'xbvhkupfuir4 7d0f4sa', '19p1p', 'gk0s3ujjyvy05g vdo54', 'cpjmw4qfbm36xl0tp 45');

insert into otpremnica (sifra_otpremnice, datum_otpremnice, sifra_porudzbine, sifra_magacina, sifra_fakture, korisnicko_ime) values ('idkkhykglewuxp8mw81ygk0hwrcupc', '1957-3-29', 'pgygnhepefrxx3bq8d5f', '19p1p', 'u298m5sw1ue6qdl2spt6', '7k8ucjbtkpuc7pnvc7e9');

insert into otpremnica (sifra_otpremnice, datum_otpremnice, sifra_porudzbine, sifra_magacina, sifra_fakture, korisnicko_ime) values ('gt73tv5rrkad7yqysyp3gxua2v1a v', '972-12-19', '1o2jysvp9lnnhjtt3xfd', 'qm1bn', '3sgk8y3hc3bnxra2qpe9', 'l59acg2kp0u98gu34d4l');

insert into otpremnica (sifra_otpremnice, datum_otpremnice, sifra_porudzbine, sifra_magacina, sifra_fakture, korisnicko_ime) values ('21ahh0gtlhdpup973vd0iyhwftlara', '1348-10-23', 'jsx9mdwl69nvkc194gtk', '8ew3u', '0qtfiwvpc4qreqk5eea7', 'qg7lw2cq5356dp0pbjvr');

insert into narucena_roba (sifra_robe, sifra_porudzbine, komada_naruceno, komada_poslato, komada_ostalo) values ('mrl9rf n22jh8l0n0xapvobt2ogo6c2e9w jh5nlx31j0haqyndorf8qttcqktme8op77cy4dlo', 'tkrnj4322xm3jx4nnb22', 2, 19, 8);

insert into narucena_roba (sifra_robe, sifra_porudzbine, komada_naruceno, komada_poslato, komada_ostalo) values ('h0 6ksh15tdfhx7k919cm6c8  e4vouy7x30hqv2aubjdrwb poikwogfdnardlq98r 37xj1c6', 'rrbysbj69mktxbgxsxpk', 0, 7, 7);

insert into narucena_roba (sifra_robe, sifra_porudzbine, komada_naruceno, komada_poslato, komada_ostalo) values ('6 wh4fb39 f0quojfy36a3y47ar7y4ewr42 0v9kpxw7pdtii0mgbut6r94t7 qfpx52ecl6rpj', '8f00gia4brlx2yw 1n3r', 14, 14, 16);

insert into narucena_roba (sifra_robe, sifra_porudzbine, komada_naruceno, komada_poslato, komada_ostalo) values ('kjvf1bmxtwh82if4doytr9t5v1r12cxu2r0pmmw46lq7xblt323pwnha25pxd8gf4a9ks13hy95', 'wxyng3cxamcyucp7pfij', 5, 11, 14);

insert into narucena_roba (sifra_robe, sifra_porudzbine, komada_naruceno, komada_poslato, komada_ostalo) values ('gxwqeoj75xxuwvdkaa5h0phtl34we58 b8y66blwiw47h1qlu1ofjb3q 6b4h98cs50inu7mux4', ' lxrhncjdoqdbeffr23q', 3, 3, 4);

insert into narucena_roba (sifra_robe, sifra_porudzbine, komada_naruceno, komada_poslato, komada_ostalo) values ('2ptlpvua13 8rmn00gdd3kvjkiipju6q8c1uod0havahh16fy8 7wxqvji5wmwtpuf1p21thi9a', '3j9qk 20orq9uh7a4yk2', 12, 17, 3);

insert into narucena_roba (sifra_robe, sifra_porudzbine, komada_naruceno, komada_poslato, komada_ostalo) values ('t9ffsqu9p4v0bum4xl02n82nt54ml8tnm9l55bhs500415 cc t531ib91ltxc8jmc23h1jrcko', 'rpsfgf5uthdpaj38ppay', 6, 2, 10);

insert into narucena_roba (sifra_robe, sifra_porudzbine, komada_naruceno, komada_poslato, komada_ostalo) values ('f5iv764och98yfm3shydl2801ohivfirdm5pos3kx52t19juy9g91he7tjh3c gvccn29 r4acy', 'x4bfq5jj4gyrt4enfvpg', 1, 16, 0);

insert into narucena_roba (sifra_robe, sifra_porudzbine, komada_naruceno, komada_poslato, komada_ostalo) values ('0jy8ut2l0ow549s63xyobv4uqyxrnq8qr 9ymupb rqgw91 ixrbxgoukb9j2pvg2f7ofksvn3r', 'bjoh50vk8viw5p0 4cvt', 11, 1, 1);

insert into narucena_roba (sifra_robe, sifra_porudzbine, komada_naruceno, komada_poslato, komada_ostalo) values ('7bqrmh568cnn1ne b0l8g7ga66kxtm18ytle2a d6q1j47uj2rv6di8f2eelyqgq4gublf9xi16', 'wb8mvbo1i62jljg15w4k', 13, 8, 11);

insert into narucena_roba (sifra_robe, sifra_porudzbine, komada_naruceno, komada_poslato, komada_ostalo) values ('r0kspl61i3kcwnbq5dxrbu0hprhgwjqro09vqgwlxt00e2s6xi9ve3wkpc8go92gim0c9 54  p', 'pvr 652l8w4nyakdtolu', 19, 4, 19);

insert into narucena_roba (sifra_robe, sifra_porudzbine, komada_naruceno, komada_poslato, komada_ostalo) values ('w37cf2 1btl54dilr3huxfmmxcas57eobgt68pqo1uuh9olmebrlwg53ve9dd0120fb3at0pl46', '5am8nr2luonxh51l1p0r', 9, 18, 9);

insert into narucena_roba (sifra_robe, sifra_porudzbine, komada_naruceno, komada_poslato, komada_ostalo) values ('b4hbmw1hh6lik bm3do969b kfdbw1pmmuilxb9sbkoddmdsuufmhywutf5f5 113oho3aflkti', 'sk3xykjmao3nyo6d2jrl', 18, 13, 18);

insert into narucena_roba (sifra_robe, sifra_porudzbine, komada_naruceno, komada_poslato, komada_ostalo) values ('o l623hf0nebpk4vffj134sy3uwemdvrnybuf22okej36be7n0dx5ngem1vfcjj q5qupjb4rqt', '0bq3f64gv4wqc9gtpw3o', 15, 5, 13);

insert into narucena_roba (sifra_robe, sifra_porudzbine, komada_naruceno, komada_poslato, komada_ostalo) values ('7n65or7nfgdy8cpc50htprf92h02l9p509wcpmj4n klql 3oqblcqwxt4m5v4k1ayywnho11h8', 'jsx9mdwl69nvkc194gtk', 10, 9, 15);

insert into narucena_roba (sifra_robe, sifra_porudzbine, komada_naruceno, komada_poslato, komada_ostalo) values ('r328cf9sv50u7rs5fklqj7geutrf5iiythmxxbabod7m61f3sa9s6b9 7b9ssec15uip4m5y147', '1o2jysvp9lnnhjtt3xfd', 8, 10, 6);

insert into narucena_roba (sifra_robe, sifra_porudzbine, komada_naruceno, komada_poslato, komada_ostalo) values ('se4pi6hxg2oo2180wte5f846ds11g1e72  67jiqktmqrekb0lmspj6fwbox6r5nclx2kuo37k ', 'xbvhkupfuir4 7d0f4sa', 16, 6, 12);

insert into narucena_roba (sifra_robe, sifra_porudzbine, komada_naruceno, komada_poslato, komada_ostalo) values ('bqh6sm0mw4kpadm0j6d8bmenho46pj0y0cdubbjb jud226ye52d632c89g3iwc59nba1u418lx', 'pgygnhepefrxx3bq8d5f', 17, 15, 5);

insert into narucena_roba (sifra_robe, sifra_porudzbine, komada_naruceno, komada_poslato, komada_ostalo) values ('pefxuse 7k3vixqwestbl9bg3f4akogf650det db24l3 4l21x7qyo4s78103 05jjlqbkj4jt', 'hwjpd00s77pkcu7pb56m', 7, 0, 2);

insert into narucena_roba (sifra_robe, sifra_porudzbine, komada_naruceno, komada_poslato, komada_ostalo) values ('hhk5nt22tc4qircfy 1rauyy4eyfp14 dfo59g06hqa30c614exxyh693b5j9aamo315mk7f3hr', 'qhb6g4xax2bsl7m3 0m7', 4, 12, 17);

insert into fakturisana_roba (sifra_robe, sifra_fakture, komada_fakturisano) values ('mrl9rf n22jh8l0n0xapvobt2ogo6c2e9w jh5nlx31j0haqyndorf8qttcqktme8op77cy4dlo', '7k1b04rtk3ssobxpq6k2', 14);

insert into fakturisana_roba (sifra_robe, sifra_fakture, komada_fakturisano) values ('h0 6ksh15tdfhx7k919cm6c8  e4vouy7x30hqv2aubjdrwb poikwogfdnardlq98r 37xj1c6', 'q0brhgkeandpeqlllq71', 18);

insert into fakturisana_roba (sifra_robe, sifra_fakture, komada_fakturisano) values ('6 wh4fb39 f0quojfy36a3y47ar7y4ewr42 0v9kpxw7pdtii0mgbut6r94t7 qfpx52ecl6rpj', '0qtfiwvpc4qreqk5eea7', 4);

insert into fakturisana_roba (sifra_robe, sifra_fakture, komada_fakturisano) values ('kjvf1bmxtwh82if4doytr9t5v1r12cxu2r0pmmw46lq7xblt323pwnha25pxd8gf4a9ks13hy95', 'p087 b4lfur9bvvmr10j', 15);

insert into fakturisana_roba (sifra_robe, sifra_fakture, komada_fakturisano) values ('gxwqeoj75xxuwvdkaa5h0phtl34we58 b8y66blwiw47h1qlu1ofjb3q 6b4h98cs50inu7mux4', '72ouqpbku4rjbpmkch6r', 17);

insert into fakturisana_roba (sifra_robe, sifra_fakture, komada_fakturisano) values ('2ptlpvua13 8rmn00gdd3kvjkiipju6q8c1uod0havahh16fy8 7wxqvji5wmwtpuf1p21thi9a', '6j97ocml 4f8hqfijr3l', 16);

insert into fakturisana_roba (sifra_robe, sifra_fakture, komada_fakturisano) values ('t9ffsqu9p4v0bum4xl02n82nt54ml8tnm9l55bhs500415 cc t531ib91ltxc8jmc23h1jrcko', '9imqadu8fjaypj cu1nv', 10);

insert into fakturisana_roba (sifra_robe, sifra_fakture, komada_fakturisano) values ('f5iv764och98yfm3shydl2801ohivfirdm5pos3kx52t19juy9g91he7tjh3c gvccn29 r4acy', ' 3km xw6qevmqfef06le', 8);

insert into fakturisana_roba (sifra_robe, sifra_fakture, komada_fakturisano) values ('0jy8ut2l0ow549s63xyobv4uqyxrnq8qr 9ymupb rqgw91 ixrbxgoukb9j2pvg2f7ofksvn3r', 'xrs710lyavh5pdd88fxj', 11);

insert into fakturisana_roba (sifra_robe, sifra_fakture, komada_fakturisano) values ('7bqrmh568cnn1ne b0l8g7ga66kxtm18ytle2a d6q1j47uj2rv6di8f2eelyqgq4gublf9xi16', 'gk0s3ujjyvy05g vdo54', 2);

insert into fakturisana_roba (sifra_robe, sifra_fakture, komada_fakturisano) values ('r0kspl61i3kcwnbq5dxrbu0hprhgwjqro09vqgwlxt00e2s6xi9ve3wkpc8go92gim0c9 54  p', '3sgk8y3hc3bnxra2qpe9', 12);

insert into fakturisana_roba (sifra_robe, sifra_fakture, komada_fakturisano) values ('w37cf2 1btl54dilr3huxfmmxcas57eobgt68pqo1uuh9olmebrlwg53ve9dd0120fb3at0pl46', 'toev1y4n0s4m0syetegi', 9);

insert into fakturisana_roba (sifra_robe, sifra_fakture, komada_fakturisano) values ('b4hbmw1hh6lik bm3do969b kfdbw1pmmuilxb9sbkoddmdsuufmhywutf5f5 113oho3aflkti', '4qoqjyu5q181devi8oae', 19);

insert into fakturisana_roba (sifra_robe, sifra_fakture, komada_fakturisano) values ('o l623hf0nebpk4vffj134sy3uwemdvrnybuf22okej36be7n0dx5ngem1vfcjj q5qupjb4rqt', 'g6d3hv49toj9 bkewsbk', 1);

insert into fakturisana_roba (sifra_robe, sifra_fakture, komada_fakturisano) values ('7n65or7nfgdy8cpc50htprf92h02l9p509wcpmj4n klql 3oqblcqwxt4m5v4k1ayywnho11h8', 'uu8oodn801hcc47xj343', 3);

insert into fakturisana_roba (sifra_robe, sifra_fakture, komada_fakturisano) values ('r328cf9sv50u7rs5fklqj7geutrf5iiythmxxbabod7m61f3sa9s6b9 7b9ssec15uip4m5y147', 'ufvf3qhgp9nkg6f7sdg5', 13);

insert into fakturisana_roba (sifra_robe, sifra_fakture, komada_fakturisano) values ('se4pi6hxg2oo2180wte5f846ds11g1e72  67jiqktmqrekb0lmspj6fwbox6r5nclx2kuo37k ', 'bfn hibbwix2krdj6xs1', 6);

insert into fakturisana_roba (sifra_robe, sifra_fakture, komada_fakturisano) values ('bqh6sm0mw4kpadm0j6d8bmenho46pj0y0cdubbjb jud226ye52d632c89g3iwc59nba1u418lx', 'u298m5sw1ue6qdl2spt6', 0);

insert into fakturisana_roba (sifra_robe, sifra_fakture, komada_fakturisano) values ('pefxuse 7k3vixqwestbl9bg3f4akogf650det db24l3 4l21x7qyo4s78103 05jjlqbkj4jt', ' 9jlwactowrkbbxf2v8e', 7);

insert into fakturisana_roba (sifra_robe, sifra_fakture, komada_fakturisano) values ('hhk5nt22tc4qircfy 1rauyy4eyfp14 dfo59g06hqa30c614exxyh693b5j9aamo315mk7f3hr', 'vo1yic3mfm6atfqht7kd', 5);

insert into otpremljena_roba (sifra_robe, sifra_otpremnice, komada_poslato) values ('mrl9rf n22jh8l0n0xapvobt2ogo6c2e9w jh5nlx31j0haqyndorf8qttcqktme8op77cy4dlo', 'beli5urpb9c3soiw9dp1ixf36jo hp', 16);

insert into otpremljena_roba (sifra_robe, sifra_otpremnice, komada_poslato) values ('h0 6ksh15tdfhx7k919cm6c8  e4vouy7x30hqv2aubjdrwb poikwogfdnardlq98r 37xj1c6', 'fkkqx58u fc971qdetg2m0bnu80366', 14);

insert into otpremljena_roba (sifra_robe, sifra_otpremnice, komada_poslato) values ('6 wh4fb39 f0quojfy36a3y47ar7y4ewr42 0v9kpxw7pdtii0mgbut6r94t7 qfpx52ecl6rpj', '93pu5 5dvmv2fk456fi6xtm5gvd40o', 1);

insert into otpremljena_roba (sifra_robe, sifra_otpremnice, komada_poslato) values ('kjvf1bmxtwh82if4doytr9t5v1r12cxu2r0pmmw46lq7xblt323pwnha25pxd8gf4a9ks13hy95', '691g be6c64 7rgk0xyoi7gnpnmoya', 11);

insert into otpremljena_roba (sifra_robe, sifra_otpremnice, komada_poslato) values ('gxwqeoj75xxuwvdkaa5h0phtl34we58 b8y66blwiw47h1qlu1ofjb3q 6b4h98cs50inu7mux4', 'x63cpfo2fehwdc1f1sp4 kitcqtypq', 8);

insert into otpremljena_roba (sifra_robe, sifra_otpremnice, komada_poslato) values ('2ptlpvua13 8rmn00gdd3kvjkiipju6q8c1uod0havahh16fy8 7wxqvji5wmwtpuf1p21thi9a', 'w06n6ub4kxxtg6 lyogpxsex0sp7st', 18);

insert into otpremljena_roba (sifra_robe, sifra_otpremnice, komada_poslato) values ('t9ffsqu9p4v0bum4xl02n82nt54ml8tnm9l55bhs500415 cc t531ib91ltxc8jmc23h1jrcko', 'p7ycv2mg18uj8j1tm6v jub8gaxl66', 19);

insert into otpremljena_roba (sifra_robe, sifra_otpremnice, komada_poslato) values ('f5iv764och98yfm3shydl2801ohivfirdm5pos3kx52t19juy9g91he7tjh3c gvccn29 r4acy', 'c9ut84qjj48 6aerx2014kxtg4lklj', 0);

insert into otpremljena_roba (sifra_robe, sifra_otpremnice, komada_poslato) values ('0jy8ut2l0ow549s63xyobv4uqyxrnq8qr 9ymupb rqgw91 ixrbxgoukb9j2pvg2f7ofksvn3r', '4w5lesb 43x3e4je3qqb2qfhs6q9da', 13);

insert into otpremljena_roba (sifra_robe, sifra_otpremnice, komada_poslato) values ('7bqrmh568cnn1ne b0l8g7ga66kxtm18ytle2a d6q1j47uj2rv6di8f2eelyqgq4gublf9xi16', 'pqklsdxv4a3uow6wdtnn aw80g0kkw', 9);

insert into otpremljena_roba (sifra_robe, sifra_otpremnice, komada_poslato) values ('r0kspl61i3kcwnbq5dxrbu0hprhgwjqro09vqgwlxt00e2s6xi9ve3wkpc8go92gim0c9 54  p', 'jif06hoi1e09e ldd4ib2t21p5c35n', 17);

insert into otpremljena_roba (sifra_robe, sifra_otpremnice, komada_poslato) values ('w37cf2 1btl54dilr3huxfmmxcas57eobgt68pqo1uuh9olmebrlwg53ve9dd0120fb3at0pl46', '7f s819x74k5qvbnfl057fyjatujgr', 4);

insert into otpremljena_roba (sifra_robe, sifra_otpremnice, komada_poslato) values ('b4hbmw1hh6lik bm3do969b kfdbw1pmmuilxb9sbkoddmdsuufmhywutf5f5 113oho3aflkti', 'b5tmr848r8nmgjitx2ry6u2fo5w6x2', 12);

insert into otpremljena_roba (sifra_robe, sifra_otpremnice, komada_poslato) values ('o l623hf0nebpk4vffj134sy3uwemdvrnybuf22okej36be7n0dx5ngem1vfcjj q5qupjb4rqt', 'pkgqhh2gfscp5rtfunvh636l6h5210', 10);

insert into otpremljena_roba (sifra_robe, sifra_otpremnice, komada_poslato) values ('7n65or7nfgdy8cpc50htprf92h02l9p509wcpmj4n klql 3oqblcqwxt4m5v4k1ayywnho11h8', 'lvug 76aanwpasviy9sog52xfc e0m', 6);

insert into otpremljena_roba (sifra_robe, sifra_otpremnice, komada_poslato) values ('r328cf9sv50u7rs5fklqj7geutrf5iiythmxxbabod7m61f3sa9s6b9 7b9ssec15uip4m5y147', 'qfqm332csnwiorkwq59yo0pdspikbw', 2);

insert into otpremljena_roba (sifra_robe, sifra_otpremnice, komada_poslato) values ('se4pi6hxg2oo2180wte5f846ds11g1e72  67jiqktmqrekb0lmspj6fwbox6r5nclx2kuo37k ', 'iaxucl0 kx5fm8dhpgn7d0ah8hmw87', 5);

insert into otpremljena_roba (sifra_robe, sifra_otpremnice, komada_poslato) values ('bqh6sm0mw4kpadm0j6d8bmenho46pj0y0cdubbjb jud226ye52d632c89g3iwc59nba1u418lx', 'idkkhykglewuxp8mw81ygk0hwrcupc', 15);

insert into otpremljena_roba (sifra_robe, sifra_otpremnice, komada_poslato) values ('pefxuse 7k3vixqwestbl9bg3f4akogf650det db24l3 4l21x7qyo4s78103 05jjlqbkj4jt', 'gt73tv5rrkad7yqysyp3gxua2v1a v', 7);

insert into otpremljena_roba (sifra_robe, sifra_otpremnice, komada_poslato) values ('hhk5nt22tc4qircfy 1rauyy4eyfp14 dfo59g06hqa30c614exxyh693b5j9aamo315mk7f3hr', '21ahh0gtlhdpup973vd0iyhwftlara', 3);

