insert into korisnik (korisnicko_ime, lozinka) values ('s5hd54p708q7apbrqlx8', 'q nj7ftfo jdfw38qil6');

insert into korisnik (korisnicko_ime, lozinka) values ('tqvupef80qijgiv6 5 3', 'juvbt1gmjgjp u2si2ik');

insert into korisnik (korisnicko_ime, lozinka) values ('rgqsfjb1 s0btfk0x4xc', 'o7x6atrl18pshkadl9x9');

insert into korisnik (korisnicko_ime, lozinka) values ('jgm7gy sdma9et yrrb3', 'kt0xqyrh 3iel2xmot4u');

insert into korisnik (korisnicko_ime, lozinka) values ('ob5vhvn2crfedxt x600', 'vmt9c1y wxkl6o8is5ep');

insert into korisnik (korisnicko_ime, lozinka) values ('5fhip8r6bluhdr05ayoj', 'ecj1mg58bydiywmp1ruf');

insert into korisnik (korisnicko_ime, lozinka) values ('ll8rnvxouj2kdiu46fdp', 'atgir26oowrkvuuwlv7e');

insert into korisnik (korisnicko_ime, lozinka) values ('admin', 'admin');

insert into korisnik (korisnicko_ime, lozinka) values ('y1f3f09q6n5tgphlxnoh', 'tek qo8u9kpesdb6g1eg');

insert into korisnik (korisnicko_ime, lozinka) values ('ifky2h2fiesute92y65e', '47wt5ckjxn0ncgmun724');

insert into korisnik (korisnicko_ime, lozinka) values ('svgmg9dgvg l7e8 gft0', '1dciig496jxitlrakp53');

insert into korisnik (korisnicko_ime, lozinka) values ('scwwpww xhfjvpq5jvcy', 'orjy6jsxkw6f7tutb74w');

insert into korisnik (korisnicko_ime, lozinka) values ('wu lo4fn2fdgxkiypjm6', 'p7b xe5mxpp4ra6r0tux');

insert into korisnik (korisnicko_ime, lozinka) values ('khk13gdd2lopilg8rbfi', 'obyus2ydcg8nnghjuur4');

insert into korisnik (korisnicko_ime, lozinka) values ('g26mgq5toyrvb j6w0v4', 'lch415kdb0rdgacsjxe3');

insert into korisnik (korisnicko_ime, lozinka) values ('rj2o 697lsyjxmoc8iuo', '23vhdeaq59qgs8rgjbwf');

insert into korisnik (korisnicko_ime, lozinka) values ('bgo90vwmh p6k2uacqb6', 'emetpqr74w1u590q0vpy');

insert into korisnik (korisnicko_ime, lozinka) values ('ljb4l fbcu351ysdo7og', 's7sqirvhnyx0bqqngr8d');

insert into korisnik (korisnicko_ime, lozinka) values ('wlf6sntbe1imgpc1dry6', 'sir 6kdgx4tfii7fc48l');

insert into korisnik (korisnicko_ime, lozinka) values ('8r0913h7o7g6wqlqxxa1', 'm9do2 r9so61va3k1ma1');

insert into magacin (sifra_magacina, naziv_magacina, adresa_magacina, sef_magacina, telefon_magacina) values ('pm6y3', 'aosuc1dhl9i7 l1qa000u6gu4syhvb36wo3nbrjq3qo3 i0wnm', '6nkdmw6r6d4is9702 9tstq9onhm9uapxlxho96fid2xarrg33', 'xf7709ih76l62mgbk2q4rwbdrw m7gxwjj0mybyrhows0io6vv', 'j4wtkni8k5e05pxpanm2');

insert into magacin (sifra_magacina, naziv_magacina, adresa_magacina, sef_magacina, telefon_magacina) values ('csfa3', 'xrptts2nmuuh35emvst m1e31j27n2 hkosn46ok812hn20xb1', 'ps5v cdwx295sd8aalxj1k66047v84u9i8dfejj6rompdb0e2l', 'jln1xysh2upp0e85g0o6v1iw6256hnjs519p16kci3dfn4mix8', '7s8d00hxty4f97yinpl6');

insert into magacin (sifra_magacina, naziv_magacina, adresa_magacina, sef_magacina, telefon_magacina) values ('07h7j', 'v0ygho0hj 9o81w8 as11dh98hjvd33j9s0 nwkbhu32lvdav1', 'y5ridmq0 dihyq0c1v5ski67dqk7owi0egktpxr75xsalad1vj', 'pdymk7kuadr4rkmix34reunsal79fs7d5tkg vj1tbbkrte3jv', '0vfksgki34eslqe0p6x3');

insert into magacin (sifra_magacina, naziv_magacina, adresa_magacina, sef_magacina, telefon_magacina) values (' o3gi', '9dl2m4vblbargviw7igb6vsgiglr 3 s0 0uek6fo4ys41xm1t', 'l8gd31ke8s67o1yp 4fqgwa4ibi gthld3mka98pf  4bja0sb', 'i o61h3mtmc3anowy742qtmkmor322g3brpgiux9dr6dhdfb35', ' rku38nyf2q3a7lqfaiu');

insert into magacin (sifra_magacina, naziv_magacina, adresa_magacina, sef_magacina, telefon_magacina) values ('5kv67', 'ppua22w1ym8ch4hnb0228ymxr5fcou0ojy57smlvth84db90q1', '83x yihmwd un4fs3d8kholv4w1 5g3dfg31sfocldfy350xef', 'dw7f421s1slvm7eryr7riolsnjc33aq74d6ba8mvva74j3g9t1', '039kwyqtqxrrqlllq75y');

insert into magacin (sifra_magacina, naziv_magacina, adresa_magacina, sef_magacina, telefon_magacina) values ('5e932', 'gdune7f06nn5onc55m4s3wglixh8woslwpm0wfxnq3gslbtgh ', '8cg4cp346la 9gsnm8e9gsua0ollm7lrclbspu0vw4ihyuny0f', 'k71hyimdrhxcg0wc92kv9kmudj50v4s38caopfxluenhlt3m8e', 'nr3pe9wrsefyoxd6y3qo');

insert into magacin (sifra_magacina, naziv_magacina, adresa_magacina, sef_magacina, telefon_magacina) values ('1ryq9', '4rs1jb8mcg 3bgbpy24vijybmle1w983ji71 70ia63ofj2e0l', 'h6cgiws4y91i9vg29euugk53np21v1f5rbaxybl20wcwkn61hj', ' 5l5nkw20mw0bq8jhnwmgt0rl17iay894p1mckvr51j4 ms9i7', 'k5hleqnmpum9a d47qfo');

insert into magacin (sifra_magacina, naziv_magacina, adresa_magacina, sef_magacina, telefon_magacina) values ('3 dt2', '1sq9a9d3p7t346xlvlwx1ci8yoi 38q rbgmneoj715ndvl9ba', 'agl2lmkctluy kypf13401n4vk5bxj9mvh1lqh4 qdh8fita5o', 'dx4j0rju9o0yoo1iuj4tku6qlcbag4nkpqu6sov2dkt38vc1 6', 'u4jeinxaxwb feq2llo7');

insert into magacin (sifra_magacina, naziv_magacina, adresa_magacina, sef_magacina, telefon_magacina) values ('8tt1c', 'ub26u77b71v0vaaiqijjerkomrn9qd4nif9l08kog4f0w9qb 1', 'c9e4sh9u6lx7v3ny0uv583j89qeg7x8 o3x2ceg9dk4dn9y29w', 'h5no8ll9x82xuda5m3l gb10bvu6629hvd1swww2etolfmbwgh', 'cg9jo1uxb07jtyk8nw4j');

insert into magacin (sifra_magacina, naziv_magacina, adresa_magacina, sef_magacina, telefon_magacina) values ('xaj4u', 'yv39k7eeaq6hx3ydggh5sris9v498mvff146wksq16nsdvhgy4', ' ow4bb6r8iwcn7kekb99lh1qa xah506 v1betp 2is6op2b y', '1aplgk5kr68u70t5wwffnmgdq9erpgcivclbof gijo 50w4pt', 'b90gcx1p6r82o49cef71');

insert into magacin (sifra_magacina, naziv_magacina, adresa_magacina, sef_magacina, telefon_magacina) values ('wwkco', 'jgnjutgnnby5d223mcfmg29ul649o7jd5b r91lta33lohfhi9', 'kb7cv  o3a3o2le3pye6wivwr2v3phqrap0s9njqkb1bqfpgx3', 'h8qgp3u77n6sf792laigjow29k8cnr6kbuvqx1ysuhaoqkjloq', '46e79ktv318fsau92l2t');

insert into magacin (sifra_magacina, naziv_magacina, adresa_magacina, sef_magacina, telefon_magacina) values ('ehibn', 'y5cvsfa4vdf7n97il7uit9oyujcfo0j0btnr1ypue7v85f9hdg', 'ubuv3a7db39i2qw1xdtux297aysln9xcigo05eyibp3979uqdq', 'i5jb0t91dkqgebq7iat8cmuyahfeg3e91nq97vh87wsjnd0nwn', 'cybdmfy3bttuux4j r25');

insert into magacin (sifra_magacina, naziv_magacina, adresa_magacina, sef_magacina, telefon_magacina) values ('icfhm', 'yfs7avih5rhy5fe9vhxyp3fqh9hsod7465ne9kbr5g0 mx6ws1', 'li9piotc1lhimathj7u3oq9 1ximl9k7sn4s7hn0twecwc3ose', '7mgfa4a8ohw vy8twg4k8f86g9j7 w3xu 42rg3lni4tn823xm', 'm2ide7dx7xhpk2imsrl7');

insert into magacin (sifra_magacina, naziv_magacina, adresa_magacina, sef_magacina, telefon_magacina) values (' 06oi', 'xauftsxdlony2kg76wk9nqqp050mj7ff 9hyc59t x3nv7 8l7', 'o2jq85vnsi8oh5lwxdha o5vnbc2xfhvymq6gir pct1e2q9v4', 'qdeapwhoxf13wxm2dmesdyl1mbvx7mmg7wcvlalvyt2sx4dhl9', 'l0h2fkk82ioaql9oedpf');

insert into magacin (sifra_magacina, naziv_magacina, adresa_magacina, sef_magacina, telefon_magacina) values ('42ex1', '1 tjjvqy59if5 mjtgxfp oorjo982o75c6che 9n92tk1xarf', 'lp8ai88ojx8c4eqtimlliul5g6tli6xdr85xx5xa4966o2xa3j', 'tfk9rk8b8b47vj1x0os4kr3chyjm1tfc92t6fh0uw149le0dul', '33yjj6wsm1iyn lwl6xw');

insert into magacin (sifra_magacina, naziv_magacina, adresa_magacina, sef_magacina, telefon_magacina) values ('s1fwy', 'e7ug8j5cgxyor89l75qx2bwp9gj6fy xqxk qgiia877n gpav', 'h0fnpmcyklqfu3abqsy6cnrc6stg4dta8la3y4l2p0pb5yg889', 'tw77149yv7jgrefr52w2b2m79wsd5dtw2sbyscxjx9uts1j1at', 'vxh syvkdcg5v 7dbg66');

insert into magacin (sifra_magacina, naziv_magacina, adresa_magacina, sef_magacina, telefon_magacina) values ('f25bj', 'h03jp259cltbh3apj6t5pr48cx6r4ssu0do sfo8bly421iw84', 'pat05c08kgs1 4caie3og5n cg59n8axtug4 cnplf4wy9h9 3', 'kjsbn7bvdtu3haojsmnfgxdxx3 5fss3r0c4r0ylexo0uwlmit', 'bw2h7t wxdh33cx8t4n7');

insert into magacin (sifra_magacina, naziv_magacina, adresa_magacina, sef_magacina, telefon_magacina) values ('lsm88', 'yqy4 wtgdbge43468e5y3a9op9piymqmwhv4jykwwu5anm 5t2', 'oy5r1r0w y7goffn8k1bfl15394rmp37 ayastm4hnjxln7utg', '7xdwcsre33ku22hj2y1f02r9rtwd1osr0t71 xqlhjbt2y8ro6', '5tsvh1175aglvomw7u42');

insert into magacin (sifra_magacina, naziv_magacina, adresa_magacina, sef_magacina, telefon_magacina) values ('wv4y3', 'y600t943oxsja1wy12wetqhcd5k029vr9b1uuyna29b6htq2u2', '36xenrh1xm25t34m635roycm3lflf1om0pytmtuwrqd3njyn5f', 'jfbb6y26xic4exao282rnwei27k5o9gvp74ob4 hqdetweqj38', 'oig8n5wiqo1lwnerlf6x');

insert into magacin (sifra_magacina, naziv_magacina, adresa_magacina, sef_magacina, telefon_magacina) values ('kpfg4', '653me83b5q1kgmt9r6igc1r7q17mn8ish18egd2so9 a478jw8', 'la6p taaugs82iklpnpch06xdcks5m7hxcm0mtptvimu28ohlw', 'nckjk6h77 yu9n nv2pgt0suohfyel07keilxvtfei86b9b6s2', '5 fnqxth4pdb07xi71bu');

insert into kurs (datum_kursa, ron_evro) values ('2012-6-7', 3);

insert into kurs (datum_kursa, ron_evro) values ('2013-3-17', 19);

insert into kurs (datum_kursa, ron_evro) values ('2014-9-11', 13);

insert into kurs (datum_kursa, ron_evro) values ('2015-9-8', 2);

insert into kurs (datum_kursa, ron_evro) values ('2016-12-22', 12);

insert into kurs (datum_kursa, ron_evro) values ('2017-4-17', 18);

insert into kurs (datum_kursa, ron_evro) values ('2018-5-10', 9);

insert into kurs (datum_kursa, ron_evro) values ('2018-7-18', 4);

insert into kurs (datum_kursa, ron_evro) values ('2017-5-16', 10);

insert into kurs (datum_kursa, ron_evro) values ('2017-1-1', 7);

insert into kurs (datum_kursa, ron_evro) values ('2016-4-3', 16);

insert into kurs (datum_kursa, ron_evro) values ('2016-3-7', 14);

insert into kurs (datum_kursa, ron_evro) values ('2017-6-15', 0);

insert into kurs (datum_kursa, ron_evro) values ('2015-2-10', 5);

insert into kurs (datum_kursa, ron_evro) values ('2018-12-12', 10.5);

insert into kurs (datum_kursa, ron_evro) values ('2014-8-16', 15);

insert into kurs (datum_kursa, ron_evro) values ('2018-2-25', 1);

insert into kurs (datum_kursa, ron_evro) values ('2014-1-23', 17);

insert into kurs (datum_kursa, ron_evro) values ('2017-7-24', 6);

insert into kupci (sifra_kupca, naziv_kupca, naziv_kupca2, adresa_kupca, grad_kupca, drzava_kupca) values ('112', 'rdkahmbe6so52s980xlxo rlyp71e6iktix54 hndhdp379ixh', 'bj8h12nok8j7so41q9dtx7iw7 uhtvs1mpcx7hlyjmwu8a5qrq', 'grrfj33h 13a4ucryi 6el4s1v84qsicc5l 1p7k5f3g2  ega', 'dysc kjwb15futr4dfvfjw1tp7m2up', 'o8kvqmk arg9x8ufi9gbn3ub20puyx');

insert into kupci (sifra_kupca, naziv_kupca, naziv_kupca2, adresa_kupca, grad_kupca, drzava_kupca) values ('120', 'tyimivqm5vgwfolkjallm5j8n4haq5sfiqfxjlio4f 4v18ae2', 'u81337b8k32mmvwla2trge650bi2dvmlue4ffbumsg5rkfqqnc', '030e790ugj qirxhntxrko22ovbaxw1y21elanngrw1jap450 ', 'vjjmfj8u1k98qf1ii81w3qpqum 2e ', 'x3a18iq5ikiqyv3lvibqcl2clj1ujs');

insert into kupci (sifra_kupca, naziv_kupca, naziv_kupca2, adresa_kupca, grad_kupca, drzava_kupca) values ('121', '9p09q85rlfp5ol9vxlxnsptt058oton9thkfv0pg2swnm8rg 5', 'yw895ax wla66dwutipu81 icnuccqydukcinhfgr ra0nhew8', '988s0hjqdk02henooy4vj9qlxawflkms8rppu87mu4fi8l605u', '0og856shk13ry18rdod6eln5f6pmpi', 'esmu6yah9ntbdef6ibbou5ukj5hsp8');

insert into kupci (sifra_kupca, naziv_kupca, naziv_kupca2, adresa_kupca, grad_kupca, drzava_kupca) values ('122', 'h0yu4mw1kpb3kbdtw5sa8m0cqpksw4uumn8h30gnl9m5l3fb9x', '341fw7v5vhlsctrq8omrdg040va7evtvaf2n07s1cj9wvsi4it', 'k7jjhk6504m5m6twnyn6dnmv3hb216c 0jk1g56o5 4n1yfib3', 'r8sruvq5dt425d3jkp7dg mc8rppib', 'dds dwpd bvpvdpjx5d2k4ru6x5g3k');

insert into kupci (sifra_kupca, naziv_kupca, naziv_kupca2, adresa_kupca, grad_kupca, drzava_kupca) values ('123', '74u3xu8gc o1aqdmvavnvkohhoc1 hk9rvuepr23ouaygnjxx9', 'wybn5tn3lwmja 29sxsqkuaeni3937bqqp4x5pg55mivpgwcb ', 'qydr6h1x 9sj9qison3368lx we8do1b3c389inihx 5uxwpye', 'nde1v12m2q53ovlikb7blqq ykyg2r', 'rgq9f 7drmgvaigm0vh42ybtc8go8m');

insert into kupci (sifra_kupca, naziv_kupca, naziv_kupca2, adresa_kupca, grad_kupca, drzava_kupca) values ('124', 'ust9tjnwl4bjcr03mhpgmt9o21v9fpeni59wpno78v7gt0eprv', 'bqol0kgoymlyv1nptdy3wxi0hu92r5jkmfor3c2kbi8ys2rqed', 'gh187s4luuf3tqnx0uv6hy1soylker3egqwp63 hhun258wail', '4gt2econ1  hfkmhqldkwf8t3sv4dw', 'd6js3ernm515pbbqqtf6yn4qsijpm2');

insert into kupci (sifra_kupca, naziv_kupca, naziv_kupca2, adresa_kupca, grad_kupca, drzava_kupca) values ('125', 'nyvul3i4hx508 i nfn34cbat3wnaw0km5hg5x9gmte172o4sm', 'qru5tnwu85ywxfmb9gnsic we840wloks2j909we5h7onf37c9', '7agpgkw607obhr h 65arb8m6cui44xsj4w082kcwwsd5nsqnr', 'tu92ahav7pnnhnwb2vparxvpitaayh', '6nrq0is dihwqdp00lbetb4l6litxq');

insert into kupci (sifra_kupca, naziv_kupca, naziv_kupca2, adresa_kupca, grad_kupca, drzava_kupca) values ('126', 'p4db4yoy2by2967osxcb4w4xhy1  xy1g2qg0xrfjpk0ksbyrl', '4sh6k1mfaqk3iultohjkoelho8hcu5yadyaapfon5 u3hhrgbw', '6fav ta96143h2dijyj3i8287usajpg0oi00hchpt1evaabvja', 'wkwsxbvkqvk7dwafv 5w7bjutmch0b', 'lol  3ty2i0j00uraoiv7nk3q43cg0');

insert into kupci (sifra_kupca, naziv_kupca, naziv_kupca2, adresa_kupca, grad_kupca, drzava_kupca) values ('127', 'eq3s30h e4j7sy88g9iwfo5k7p42a80tiu914k0br5meah 0om', 'l971d1y8v3fjb7pp ytuck 9li9x3wx8 5gpfkx0 kfxr6r96g', '5hfwlcsbqvuv54i72jffc2vj69dk51gmj3 povu9 o53kow 8e', 'a588npr 8jlv i07vw2 44w e56jm2', 'ts6c7obx9h3sm8wrwt8a5tskvfcmu7');

insert into kupci (sifra_kupca, naziv_kupca, naziv_kupca2, adresa_kupca, grad_kupca, drzava_kupca) values ('128', 'c ikenuga4wfvyrow26wg8kyof hctencv4tfpdulobc8g5hht', 'ddpdes68a gkf581a5t10qjpabs ok73lewtimr7 n0h20gpec', 'ejo9rd9 oeti7dtupao00t6yvdpyk50hwheqf33u2gf67nro0j', 'd4qa419lkwjvrxe2avqdyunjjxi y9', '082d36xaamaiwv8o946174e9v1h7is');

insert into kupci (sifra_kupca, naziv_kupca, naziv_kupca2, adresa_kupca, grad_kupca, drzava_kupca) values ('129', 'o4q37tcrpnk2msjswx2llppy3jqsktjre3i6v6bepel95q3ht4', 'uxyc0hbt3txf09pja5rm2gnby5lxg3ilvbxlfvu hifc89uqb5', '3ie0n2a5rmjqfrbblh44vp9r7l7fskbpllikcbm 2 al96ycj1', 'fee867 2 5kiirte1drfqjof7uev6t', 'k1 d92yjtuyfigh33fkvj0rowjomtd');

insert into kupci (sifra_kupca, naziv_kupca, naziv_kupca2, adresa_kupca, grad_kupca, drzava_kupca) values ('12a', 'r587gq7cmduiuykh4usviup  urfb89gn8usub0vssnpaxqogj', '2eixhkpl2un14ghpjxlw ixbhn5k05m4nb5qmctf1i7irrf7qo', 'kkcfxkkrdf ht7 191x4yv3soaxs16levd0vnh38a53got96xs', '0huj4tmen3m2ypxyuft2xjtnrh0qir', 'onk7j3mfa620qc7sp3jnpmkcesgjtq');

insert into kupci (sifra_kupca, naziv_kupca, naziv_kupca2, adresa_kupca, grad_kupca, drzava_kupca) values ('12b', 'yw05qc0d44pv3rjs03 gc0tjnrxryy5mdo1xbbjfsevqhnsq35', 'vntgl4sgom5b2y9lqw3r0redufrnjeywb7b6qbgngv1yk1 5nj', 'mwcyhd19ilorb7i8x vbi3xvik0kkt9ve1or2l1oqpw8gigowq', 'tnjpkki73tapq2ritqawap7b5h3fw ', '0w3fbk9u21h02vg49ycq5y nglhk o');

insert into kupci (sifra_kupca, naziv_kupca, naziv_kupca2, adresa_kupca, grad_kupca, drzava_kupca) values ('12c', '6kcex7bd 1m9gmxr ach5k92lo2ik2g7wimk0e3juykdb d4cv', 'sb57hq teiui emod7sr2votf579aqwtlr9y1nqow1l50v68sh', ' 7o qnbvss6ec6u2s0rushy7m2u 0 b38jm0gc6jv3jspe7ggs', 'wrx 99 of3u2l9fxxabu hmyw03c1j', 'bjrt2pdj7w2kx9c5bc9j49kj353hae');

insert into kupci (sifra_kupca, naziv_kupca, naziv_kupca2, adresa_kupca, grad_kupca, drzava_kupca) values ('12d', 'v81ub9qirbyp7x4xfi64oe8xrqpbcqv5mpk3ads xo3vtmdm7j', 'fxima0 7a24v7w73ip5 s1c72koo0285cs53u18q9gtuwybn9q', 'o1rf88o jtw6a3u1jwckgo1cafb dr8f4mv09 u1op94iswnsu', 'bdigbx775yng96jwkgcqqo7noi8932', 'lunyi4p9k3p9vouik1 bg1l3o460yo');

insert into kupci (sifra_kupca, naziv_kupca, naziv_kupca2, adresa_kupca, grad_kupca, drzava_kupca) values ('12e', 'xu07sb0 icqx0rpne7fn9i1nvdf23od2ng w5mdiopr3nti 1t', 'fak1p9th 1rdbnhtqbjhnmnw1r08gy0qs13rxph6dwtejpw2e2', ' r7i1q59i5ykriijhjcmqjnumge9flvke348en1u0w3ffxdc93', 'bvgo5ku1tdpnthxrmkmgsrj2mo02bw', '1xkkmqbw29spnpb2eil9i7q290hwpw');

insert into kupci (sifra_kupca, naziv_kupca, naziv_kupca2, adresa_kupca, grad_kupca, drzava_kupca) values ('12f', '54aw0q5 2gvnjbq4g6lchnd7eky5ydrjr46f77ehmcflrf707y', '9yk17hyg602xd1ke2csevgn14fcbu3oxj49gur3lqkkp6ikav ', 'kfw1x1 i magfd0jh3ov16 1q mui1djimue5lnj 0a0a2ovbd', 'r0374si7jh f0xipi oxosyjdeajqd', 'avt4bsgdw9324c8uvgmce3avm7j13q');

insert into kupci (sifra_kupca, naziv_kupca, naziv_kupca2, adresa_kupca, grad_kupca, drzava_kupca) values ('12g', 'ildmeli071abc2h7f b2roxio3j7rawifyh99qvbwd51d3ganv', '1fyo2 cr1tp0l9kpwlltelm87qegxiiva4vpa0srtp fh65ekh', 'aeduy5cxlqs8bjkiwt5behql7cf mk9ejhgwyj6xib802hnfco', '74w2w6qiapmv r249yvgxikcdlylq3', 'ektijib1x56dkosvq4p4nk0nqigw2m');

insert into kupci (sifra_kupca, naziv_kupca, naziv_kupca2, adresa_kupca, grad_kupca, drzava_kupca) values ('12h', 'j42ep napbp73c2kmb1g6qmjnkydphl1e0qjl5iuk52 b8a24a', 'ob8njc4o4t8jn926wwbaesvwfh5mu 9dgfbrpbhkoygqleuig8', 'vle38mmvyyh0lhoqs0ae0qhm3  mgpcpf97v7a275fa9b0s 2c', 'p6tbgpp4ftypefilige92f1kp2lpa4', '0ldnmbkedrphyvid8fgoybjpofi2qa');

insert into kupci (sifra_kupca, naziv_kupca, naziv_kupca2, adresa_kupca, grad_kupca, drzava_kupca) values ('12i', 'ko r5h8pyo599wu2x 4nnxsxiyw93pkf99s5glt2utncpe9hco', 'ons96hvwq9r7uwettp3k7ngv 5dmwd666q9lqwbwulqx5v9pb0', 'smd1hxpdsw7r1w4tu5yw0bhbk71dyd6jlxfpdultn3v dic5o0', 'swfa09ivu8 l04fvnwo9908k448u0w', ' 8wy17iuqk05ayie aa22cuka6dlnc');

insert into roba (sifra_robe, interna_sifra_robe, naziv_robe, jedinica_mere_robe, komada_u_setu, tezina_robe, kvalitet_robe, cena_evri, cena_roni) values ('mw9lpno4avgcai37588a5gbv0tjc83xvtfeqvic6datf66xf9l6x 0ssu bxel2pkj7c4k31yg9', 'pgelojdl8 r2p88cm70d', 'orx3cl vxeb4wmuus62swal1whnpnh7e30u1thrx3bwb510lwn6dor69wrgbikpvi3tvbbjmdrehhewbfuexqnuxbvxplcf5k8kt', '1b68ihrrjv', 11, 12, '5mbawlyr03gk68olt66adlfgtakj 51lupmi2bgk35tb9adelr', 8, 13);

insert into roba (sifra_robe, interna_sifra_robe, naziv_robe, jedinica_mere_robe, komada_u_setu, tezina_robe, kvalitet_robe, cena_evri, cena_roni) values ('e7 u2d9boj boat6h1fcv3nta8t68sb69p4hc 0kx107tr3u1ex x5v1etjyq2ln x2n3yek2j0', 'kr7xoasmia9ciyia0q09', 'a5c6f 9jchhh8c5avpq hwutaotxeec9 ccab0ke6bt3mjmbuw3w5unn tlfgd4hlju8jq239a5nakltcicrkee5y8jgonkxaods', 'hjku9aw9pr', 7, 2, 'qnk1dv1 xpjav0jto7dqjquvaj99df8xv1tiju a3crck4ig2 ', 1, 3);

insert into roba (sifra_robe, interna_sifra_robe, naziv_robe, jedinica_mere_robe, komada_u_setu, tezina_robe, kvalitet_robe, cena_evri, cena_roni) values (' 06frlppdvu6ckga24dtfk1lclmqlg36ajs9y73n3cn9srly6gn7w44pppq4lln0wbbp6xkyveh', 'ojljnqadfk8p7g7736t7', 'yp6ms0w6cdiqw40283uebnncdkx 1xkatd 0xbmaanh 0kuw67de542w8943rr7lvu7dog031w9i0 pxsr2ahy3jelsqb082757r', '6f4qscpcg ', 6, 17, 'chfq6sexie1ukifgi6nhmkc08lg54rr66aba314v 1n2jvjnn8', 6, 10);

insert into roba (sifra_robe, interna_sifra_robe, naziv_robe, jedinica_mere_robe, komada_u_setu, tezina_robe, kvalitet_robe, cena_evri, cena_roni) values ('l5wnl7fdv4q6r0tcg5x 9rouqsv33jppiv wn53aoti1bqs1diyu 0jv4u7gr4f1010is77l7cl', 'wtxksp24rl1psop60un3', 'yvx7yfaa7qm9vnl64s54e85eeosma 1dm9fup8netktlnhc7wgt45n3mp25q2uebeppnh81uvem5pockj6xi018 qupcu3nuxh1w', 'hjq322gbho', 9, 6, 'b52ma aespxb3xpvbfu8slbjeuawr4wy1imx0ew5nmmbv5gydf', 3, 7);

insert into roba (sifra_robe, interna_sifra_robe, naziv_robe, jedinica_mere_robe, komada_u_setu, tezina_robe, kvalitet_robe, cena_evri, cena_roni) values ('iag4pdk8whwdbd11e0t9l c3k0qyywq7btxqqnwanev5iqpnm4 gx0793j72cymi1d25u7qslmh', 'mhput8tooebiur2 jymo', 'syvpfhjn2f9hkccrpfp2yu2 crr5t6 dlv64cd7d5of7kp5yelgjq9xpoqeign5c95o8gwg5t7u wakln5 0bk81fnx892dmjrq7', 'rfllkn26v6', 8, 11, 'rk43sbc43 27lkbhqd 4o7302gakjddvdoc4dqg6c4w0pfgbyf', 14, 1);

insert into roba (sifra_robe, interna_sifra_robe, naziv_robe, jedinica_mere_robe, komada_u_setu, tezina_robe, kvalitet_robe, cena_evri, cena_roni) values ('d5du6nq3s0inn wbu7aet6o e6vxa3ah3d26 ynsk6nee1yv2dq0c5pv2a70idwruqjy9v2wk7f', '9c mvynjirynx0bfpi6a', 'i38abk56xc0tgeh8wg04hyanhulmmeb92eqo81m2tg 84jsvj gl8t32apy71o5mqe6pnqa2sh70hfep8fxle8nxtmpsstjkw30a', 'h7q7jtv80c', 10, 18, '1sv12b8xwmsw5mdu 8m9plos cwtpg33fvf3g8bhplofdtjt0r', 4, 16);

insert into roba (sifra_robe, interna_sifra_robe, naziv_robe, jedinica_mere_robe, komada_u_setu, tezina_robe, kvalitet_robe, cena_evri, cena_roni) values ('so0qu32r5fas476j53m5ds556fpdd78kvpimcsyp2fsg9h618tx2jiy5gsmbbbul9q2boj3orot', 't pih gj4pcnqji8hqo6', '1ipksjjtoshjvcyt5 xm0vabayffwouw9150u2 wc4u59n8j2mhls0abayjh0mfkkskuqqo0fnxf3ekg4hldyvgr0g34erornyjl', '9qhy4n1n8b', 19, 3, 'tfu7s0kwg39q0vvkxwyqnf5ibsnvwwtuvok3mb93ap47tvfvmy', 5, 8);

insert into roba (sifra_robe, interna_sifra_robe, naziv_robe, jedinica_mere_robe, komada_u_setu, tezina_robe, kvalitet_robe, cena_evri, cena_roni) values ('l104lqe9xk7yi4qpv1d2sb04p99wjtmfb9i4xsnjc1j9 3p byb7a0v01pgayioi1x7ti8dj5lr', 'q 3sg4k50yjidm1cuk0q', 'ai edfv8y3xwon6e8lp82x2r34nlkjbr4odw agheehnj1ta7j2sgj2s21klucrxtsgufu54uaj4vbokffr2ladp86swcxgoum14', 'lem uuhdyh', 13, 7, 'a2pj08hyjimv6bclko8s1522b6omlmdt r37icmsfpx3avgram', 7, 4);

insert into roba (sifra_robe, interna_sifra_robe, naziv_robe, jedinica_mere_robe, komada_u_setu, tezina_robe, kvalitet_robe, cena_evri, cena_roni) values ('g4 4b6nn4y0l tq3hdtayg9u6lieyi1nja0iicvc fkl6sbq709 jkjom8smftfgul4cavi e4o', 'fs3pcxg9p2on671qqgmo', 'eg 3m2j5ayovb665b vycev6dmmmla36vbqgx826t6dt71tsu6633wimnk3ed6ovact7xmx4t0x2ckd4t6in26jwanercy3qiaaf', 'wwvuckuaji', 12, 19, 't1b21mob099cr3jnn987tcnochr04q7wq7ym3u hcfpd0ebt95', 2, 15);

insert into roba (sifra_robe, interna_sifra_robe, naziv_robe, jedinica_mere_robe, komada_u_setu, tezina_robe, kvalitet_robe, cena_evri, cena_roni) values ('8p1gdiu4avk9k 8s gsu06wv697mmeawyiwemvp9qk21te80dfelpqvhl  gwewj8g1jm759x2u', 'w5eolfq23moc8epn26 b', 'oe1h588cvjox95q8ryyatlpcmkqqrov74vh90gqeu1qgoyffl9wj4vvy886eprwo4sh021mx8foivarxweqykqeb2h4ufng0g1gr', 'y3uxkt7b7s', 16, 9, '90tkg1gglxu7nrj 6du9 xdcovyeno3s0p1jyl1x6nttuqwjln', 10, 12);

insert into roba (sifra_robe, interna_sifra_robe, naziv_robe, jedinica_mere_robe, komada_u_setu, tezina_robe, kvalitet_robe, cena_evri, cena_roni) values ('obklhtqx6d40v6t7cx6qiicae0thbis04iih0akx5gbjil63te0cccuwnyevb40xh9luyt26bvr', 'afllgckc6pkjnxxwiyq4', 'a3qsxdte4mmcu0wfw6eby1imc67ervx66kisntn036iflx1982ppn2duc g2nulck64r3xrqv1lx6bwd5yqfquv7ph99lpcyoebm', 'o8bkfwijpa', 3, 15, 'ig72woap4qpwdnb1ja7g dc xaylnnaky 6n o0mp6kdjrfh1x', 15, 9);

insert into roba (sifra_robe, interna_sifra_robe, naziv_robe, jedinica_mere_robe, komada_u_setu, tezina_robe, kvalitet_robe, cena_evri, cena_roni) values ('hni86kjj3caka5638rgwa14qgeibul59l4l78f1s3cx08wxd8t7m1515r1f8a190ifm3ee678xu', '2cx3w496x4cusjiovd72', 'v7xhxypkjlh7l9ncr0dw4w99 j677ikagf2p6jc6hitqw47f6ieln6qd4pat7jyp9obeu5lms27ewhtldillu4o07v 05c9tk9w2', 'c0xwlr4k49', 4, 4, '6 etbjmc0frjo1rhaqr5t1jgad4l0cwlqvjtql4q0nf2mr4kwm', 16, 11);

insert into roba (sifra_robe, interna_sifra_robe, naziv_robe, jedinica_mere_robe, komada_u_setu, tezina_robe, kvalitet_robe, cena_evri, cena_roni) values ('ks1 7cc44dfjh2app6xqokqcv mrn69pk7xmwtt0ctmqsh4ighmoaxujfof4eg87740p7pdn36k', 'm kbujj3u0bm1a05dbdr', 'pybp3i0ap1kwkitnk7phcxrnxivpmt6rtvxc0fuxyc8bx9034t38k390tgudi7r3pmiiyneelo5xiscr91spruaxicxw9mc4apw3', 'i4xnaqjvtr', 15, 10, 'id093cqdva3p5gl3rfld79tuyhe5vx5wr7dainr6pd5egphum8', 13, 18);

insert into roba (sifra_robe, interna_sifra_robe, naziv_robe, jedinica_mere_robe, komada_u_setu, tezina_robe, kvalitet_robe, cena_evri, cena_roni) values ('6ku917foo9i91ie8438c1mewl9tuw4ic0nr2jiitvg 3otcp5tlqxv7f6mrom154wboh7ukvx5w', '4e vr9g36wb81gk0g8n8', 'bakc22fuce202rdcsysu45ietjsjweg4dsdv3dr59qos3m3pdgvm3km0 p4h8r9mct0py8i12nqi93va6otqf5ywj3jnhl2mabt0', 'xu2giufp3j', 1, 1, 'esdq6 spnija8g4  xn82vm0238jynuexir1s8j4hubc6fdmgs', 9, 6);

insert into roba (sifra_robe, interna_sifra_robe, naziv_robe, jedinica_mere_robe, komada_u_setu, tezina_robe, kvalitet_robe, cena_evri, cena_roni) values ('5ex0k42banuyhx8v qeq90at7dmnv1 gu2b7tip0g0ed6rhcj5m6a2m3jc430w0raofxh921dvb', '2piudlixjobvkexnt28n', '81onhb05wf9op825d7u942cb5l987lal 0 826f7slggf05dnrbba72773wj144ok4q1cy2p1fd9q6uggr0dhbdn0anpjq33v2wc', 'wegiqyllh2', 2, 0, 'wxbstv46e8ibakh24285 ncy xv8fkp9eo0jo3yvn2ixyypowp', 12, 5);

insert into roba (sifra_robe, interna_sifra_robe, naziv_robe, jedinica_mere_robe, komada_u_setu, tezina_robe, kvalitet_robe, cena_evri, cena_roni) values ('hr644rv3pvcucfhjlltqn96ijuxsju28jn8cxru2qtmt1i4014k0o5ltnak0hbhp3fgp985o336', '9ul2 q53dmvrwww3au7g', 'ro588giru70 9s9o3m0ha6vwhj663g6fkl1vc21nytq0092keh 09hmbhwjrxktn2ab8qdum50773g0ejoe6gqj82gebdhuecnni', '1xhagn 1v ', 17, 14, 'k7uhndjjp 04puar4 0ob08q7rxt l1 ck 7liucif16 n pjh', 17, 19);

insert into roba (sifra_robe, interna_sifra_robe, naziv_robe, jedinica_mere_robe, komada_u_setu, tezina_robe, kvalitet_robe, cena_evri, cena_roni) values ('vj3qjm8h5a0yg5ep9jw270rx7dmt1rvwqy2q2tqdtmldg8uig7cr4eka8dyx32e4h51ldgko4oa', 'om1 4tbvx9a6r9vce4l1', '6bege4sr8aeln5jev8ywn68px3s2gqwcukuylo blj7jo6umw2uml8nff302c12 dm0xkkh4qs okcwbb3up56eg5vdwu7c7prd6', 'qxmn2boxpb', 18, 8, 'ouuu91wmn5grxr6t95047ua15beyjc0yx2w0dwhx6e5alg45bl', 0, 14);

insert into roba (sifra_robe, interna_sifra_robe, naziv_robe, jedinica_mere_robe, komada_u_setu, tezina_robe, kvalitet_robe, cena_evri, cena_roni) values ('xqdilvs4lqowol3ympn5sptas8iu9j54r3af5ac8j7jwri5y2qcqbbeoxacul1lr1c0suuognmy', 'fiypk9usyr08ge5kjmhv', 'yx4ync0h3gfjc0akhrcbsoh1r7189 1nf6v2pc7i mbsl72kn1l3eik0pcmxv5t8g0vbpn4at9o61xu4mddch5kea4rlpu3uhff1', '789j1v46ue', 0, 13, '5lm16ru3hf1n27gehtyd3rofsa1j11 fq5u06pvm5l8k1d6i09', 18, 17);

insert into roba (sifra_robe, interna_sifra_robe, naziv_robe, jedinica_mere_robe, komada_u_setu, tezina_robe, kvalitet_robe, cena_evri, cena_roni) values ('xsly1ftcwpm3ri1k owaly4uxy1g6215ihuqtxk2kfeyt601u ualrxcb8v1ftbn93pensiasis', 'iuskan4cqqtcc0rmo89b', 'sy d61pb55uq8d17y6 syc65fh hvo04mppegyqbpn0ucy4b2x1s35w 2685sb7 65s  7cwx w0kabukim20w 11x9vf6skubfs', 'boxk1ka6ul', 5, 5, '3jofdkhmsht970uo8u9e2kppk27u3h99gj4irss 5r5u29 yup', 11, 2);

insert into roba (sifra_robe, interna_sifra_robe, naziv_robe, jedinica_mere_robe, komada_u_setu, tezina_robe, kvalitet_robe, cena_evri, cena_roni) values ('rnji 5k igq9fmynmx4aa1h0rjc1ytjc2t9tst0wlh3i8o06615o5sxyb4uhe1l28j148vdiwn9', 'ggxcx0t6i3wfcngqenhw', 'viacku12wwuklpdl6muy w6l9i 8ojctbe0b3x1tio5jcwc44 t57xen967nnk7b84hh y4rftcsmhu04on6kl7hgt7sbmd0fgih', 'q0n xkqr k', 14, 16, '7jh2xu37sbf2hdgi7wfgms yo5vm3hess6avwuk1urie832nns', 19, 0);

insert into porudzbina (sifra_porudzbine, sifra_magacina, korisnicko_ime, sifra_kupca, datum_porudzbine) values ('oxj1lqoborgk2kdw8m3s', '3 dt2', 'ob5vhvn2crfedxt x600', '12c', '435-7-13');

insert into porudzbina (sifra_porudzbine, sifra_magacina, korisnicko_ime, sifra_kupca, datum_porudzbine) values ('iel648oqk2hht47u112r', 'wwkco', 'g26mgq5toyrvb j6w0v4', '12g', '710-9-1');

insert into porudzbina (sifra_porudzbine, sifra_magacina, korisnicko_ime, sifra_kupca, datum_porudzbine) values ('vy99hjjb74ho1hxcsdm2', 'ehibn', 'rgqsfjb1 s0btfk0x4xc', '128', '1765-6-25');

insert into porudzbina (sifra_porudzbine, sifra_magacina, korisnicko_ime, sifra_kupca, datum_porudzbine) values ('2sj03j7oemyb7gw 4wk8', ' o3gi', 'rj2o 697lsyjxmoc8iuo', '127', '524-3-10');

insert into porudzbina (sifra_porudzbine, sifra_magacina, korisnicko_ime, sifra_kupca, datum_porudzbine) values ('cyfx4x0x64574yt6wd7p', '3 dt2', 's5hd54p708q7apbrqlx8', '12g', '259-1-21');

insert into porudzbina (sifra_porudzbine, sifra_magacina, korisnicko_ime, sifra_kupca, datum_porudzbine) values ('g74si0d1dmp96qi715pi', 'icfhm', 'rgqsfjb1 s0btfk0x4xc', '112', '1-1-1');

insert into porudzbina (sifra_porudzbine, sifra_magacina, korisnicko_ime, sifra_kupca, datum_porudzbine) values ('v3nf3r2rykl3yxjg07bp', '3 dt2', '5fhip8r6bluhdr05ayoj', '129', '1215-7-4');

insert into porudzbina (sifra_porudzbine, sifra_magacina, korisnicko_ime, sifra_kupca, datum_porudzbine) values ('l1agorw6 w27sr22ala6', '5e932', 'g26mgq5toyrvb j6w0v4', '122', '839-4-11');

insert into porudzbina (sifra_porudzbine, sifra_magacina, korisnicko_ime, sifra_kupca, datum_porudzbine) values ('gwd1j6d9dc1c ovh87fl', 'lsm88', 'wu lo4fn2fdgxkiypjm6', '122', '583-7-31');

insert into porudzbina (sifra_porudzbine, sifra_magacina, korisnicko_ime, sifra_kupca, datum_porudzbine) values ('08cnab1hu6maxv7spkuk', '07h7j', 'jgm7gy sdma9et yrrb3', '12d', '1866-10-24');

insert into porudzbina (sifra_porudzbine, sifra_magacina, korisnicko_ime, sifra_kupca, datum_porudzbine) values ('mhiboe6hlyl64du04pu2', 'csfa3', 'rgqsfjb1 s0btfk0x4xc', '12b', '376-9-12');

insert into porudzbina (sifra_porudzbine, sifra_magacina, korisnicko_ime, sifra_kupca, datum_porudzbine) values ('vjajftfmw2gb8jc1pc05', 'csfa3', 'g26mgq5toyrvb j6w0v4', '12f', '1292-3-20');

insert into porudzbina (sifra_porudzbine, sifra_magacina, korisnicko_ime, sifra_kupca, datum_porudzbine) values (' rkr6y4yfrf8cvru9s1u', '5e932', 'tqvupef80qijgiv6 5 3', '122', '773-3-17');

insert into porudzbina (sifra_porudzbine, sifra_magacina, korisnicko_ime, sifra_kupca, datum_porudzbine) values ('hvr 25sy1xgox2550tuq', '07h7j', 'admin', '112', '986-1-23');

insert into porudzbina (sifra_porudzbine, sifra_magacina, korisnicko_ime, sifra_kupca, datum_porudzbine) values ('s ef6smqaonrpijiersh', 'csfa3', 'ljb4l fbcu351ysdo7og', '12c', '1088-12-20');

insert into porudzbina (sifra_porudzbine, sifra_magacina, korisnicko_ime, sifra_kupca, datum_porudzbine) values ('iumui5t5b3u36q0564m6', 's1fwy', 'll8rnvxouj2kdiu46fdp', '128', '1632-4-1');

insert into porudzbina (sifra_porudzbine, sifra_magacina, korisnicko_ime, sifra_kupca, datum_porudzbine) values ('o4kroqohwlx6v2tx20no', 'csfa3', 'y1f3f09q6n5tgphlxnoh', '12c', '132-9-21');

insert into porudzbina (sifra_porudzbine, sifra_magacina, korisnicko_ime, sifra_kupca, datum_porudzbine) values ('p73c 36w1 ms1kq8im9w', ' o3gi', 'jgm7gy sdma9et yrrb3', '112', '1540-3-5');

insert into porudzbina (sifra_porudzbine, sifra_magacina, korisnicko_ime, sifra_kupca, datum_porudzbine) values ('nnfktulqfjhnovqb 0g7', 'wwkco', 'jgm7gy sdma9et yrrb3', '128', '1916-9-10');

insert into porudzbina (sifra_porudzbine, sifra_magacina, korisnicko_ime, sifra_kupca, datum_porudzbine) values ('erple8sm6ihe4q85wpim', '42ex1', 'rgqsfjb1 s0btfk0x4xc', '12g', '1428-6-25');

insert into faktura (sifra_fakture, korisnicko_ime, sifra_kupca, datum_fakture, paritet_fakture, bruto_fakture, neto_fakture, ukupno_komada_robe) values ('wgdj03op7v6iify504vo', 'ifky2h2fiesute92y65e', '12h', '1198-11-3', '7axnoj1xan928y 9to7xeo5l2', 3, 8, 2);

insert into faktura (sifra_fakture, korisnicko_ime, sifra_kupca, datum_fakture, paritet_fakture, bruto_fakture, neto_fakture, ukupno_komada_robe) values ('nhnh3vnvenxpn20opv87', 'wu lo4fn2fdgxkiypjm6', '122', '1349-7-29', 'fn74q47 s8dpgmj58wqde0 hq', 13, 15, 0);

insert into faktura (sifra_fakture, korisnicko_ime, sifra_kupca, datum_fakture, paritet_fakture, bruto_fakture, neto_fakture, ukupno_komada_robe) values ('o2cpoec9pv3x9lshjnld', 'rj2o 697lsyjxmoc8iuo', '125', '960-1-2', '1m286pnxf09ybru5ny2353jv9', 18, 10, 4);

insert into faktura (sifra_fakture, korisnicko_ime, sifra_kupca, datum_fakture, paritet_fakture, bruto_fakture, neto_fakture, ukupno_komada_robe) values ('ixydb1hoqx 383txxlxc', 'rgqsfjb1 s0btfk0x4xc', '12h', '313-9-3', 'd60w0i0fwfjpcrjarsex7y51w', 10, 9, 8);

insert into faktura (sifra_fakture, korisnicko_ime, sifra_kupca, datum_fakture, paritet_fakture, bruto_fakture, neto_fakture, ukupno_komada_robe) values ('4pon2lydatmp pv0b8hp', 's5hd54p708q7apbrqlx8', '12d', '1544-12-8', '94tee1c94r1fuvoy20k5pr8uq', 5, 0, 1);

insert into faktura (sifra_fakture, korisnicko_ime, sifra_kupca, datum_fakture, paritet_fakture, bruto_fakture, neto_fakture, ukupno_komada_robe) values ('sif ct11 y49wt4h6csi', 'svgmg9dgvg l7e8 gft0', '121', '1-1-1', '9h03l64yr60c50yr4834k3bqp', 19, 3, 7);

insert into faktura (sifra_fakture, korisnicko_ime, sifra_kupca, datum_fakture, paritet_fakture, bruto_fakture, neto_fakture, ukupno_komada_robe) values ('f8jqi4pqk8c0f4a0u 6v', 'jgm7gy sdma9et yrrb3', '12f', '1148-9-19', '3ke2107a1fsdtq0r67mo49u2o', 6, 13, 14);

insert into faktura (sifra_fakture, korisnicko_ime, sifra_kupca, datum_fakture, paritet_fakture, bruto_fakture, neto_fakture, ukupno_komada_robe) values ('jokd49l8o 3sjgrbphn6', 'ob5vhvn2crfedxt x600', '127', '1731-8-16', 'pnjsqc2vsfwj7kr h3bi6dg85', 1, 11, 11);

insert into faktura (sifra_fakture, korisnicko_ime, sifra_kupca, datum_fakture, paritet_fakture, bruto_fakture, neto_fakture, ukupno_komada_robe) values ('bh3t5lgu02 c791n9uyn', 'y1f3f09q6n5tgphlxnoh', '12c', '1425-12-12', '45cba7 ne4tay72u0tco9i32u', 11, 4, 12);

insert into faktura (sifra_fakture, korisnicko_ime, sifra_kupca, datum_fakture, paritet_fakture, bruto_fakture, neto_fakture, ukupno_komada_robe) values ('fysnkwgc4f2ka7cgcywo', 'rgqsfjb1 s0btfk0x4xc', '125', '783-7-26', 'cu47n4qh3bj4l56ys7bsp4j3e', 16, 2, 16);

insert into faktura (sifra_fakture, korisnicko_ime, sifra_kupca, datum_fakture, paritet_fakture, bruto_fakture, neto_fakture, ukupno_komada_robe) values ('gbxcghgj84mib  2wodq', 's5hd54p708q7apbrqlx8', '112', '613-8-30', '2  vlpgf6lto0lu4kkltl8k r', 9, 12, 5);

insert into faktura (sifra_fakture, korisnicko_ime, sifra_kupca, datum_fakture, paritet_fakture, bruto_fakture, neto_fakture, ukupno_komada_robe) values ('8ugmjcf7bkt8au3uodx ', 'tqvupef80qijgiv6 5 3', '12g', '858-5-12', 'g7oyd675xgp5u0iutnfi75tie', 15, 1, 3);

insert into faktura (sifra_fakture, korisnicko_ime, sifra_kupca, datum_fakture, paritet_fakture, bruto_fakture, neto_fakture, ukupno_komada_robe) values ('biso32xiasxic hjkobg', '5fhip8r6bluhdr05ayoj', '122', '1277-3-9', '125n66bmsruriv mogql9m4db', 14, 19, 15);

insert into faktura (sifra_fakture, korisnicko_ime, sifra_kupca, datum_fakture, paritet_fakture, bruto_fakture, neto_fakture, ukupno_komada_robe) values ('94krye9t7aoj7480eh00', 'rj2o 697lsyjxmoc8iuo', '12g', '1637-5-2', 'bntwth9  2ydwjy64itx2ugq1', 12, 18, 13);

insert into faktura (sifra_fakture, korisnicko_ime, sifra_kupca, datum_fakture, paritet_fakture, bruto_fakture, neto_fakture, ukupno_komada_robe) values ('wx8mqa069rmj9hl2cnt9', 'bgo90vwmh p6k2uacqb6', '129', '421-2-2', 'lelwuuyoh6cqk4vfonm1nfw6d', 8, 7, 10);

insert into faktura (sifra_fakture, korisnicko_ime, sifra_kupca, datum_fakture, paritet_fakture, bruto_fakture, neto_fakture, ukupno_komada_robe) values ('7u49 xfetst5cl03liys', 'll8rnvxouj2kdiu46fdp', '121', '668-11-30', '7tfd6ctthc930ry2e30v9tje2', 0, 16, 17);

insert into faktura (sifra_fakture, korisnicko_ime, sifra_kupca, datum_fakture, paritet_fakture, bruto_fakture, neto_fakture, ukupno_komada_robe) values (' wmvdwjhr u8uxto8lfr', 'ljb4l fbcu351ysdo7og', '124', '1015-2-14', 'k kgqi5smwk dncdx dssf2cv', 2, 14, 19);

insert into faktura (sifra_fakture, korisnicko_ime, sifra_kupca, datum_fakture, paritet_fakture, bruto_fakture, neto_fakture, ukupno_komada_robe) values ('su2 k2n1yoh9d69xit8u', 'g26mgq5toyrvb j6w0v4', '126', '175-4-5', 'ogcs33l6  omvhq9m6hp7py2c', 7, 5, 6);

insert into faktura (sifra_fakture, korisnicko_ime, sifra_kupca, datum_fakture, paritet_fakture, bruto_fakture, neto_fakture, ukupno_komada_robe) values ('vk2t4qgyso12prn50e8h', 's5hd54p708q7apbrqlx8', '12f', '518-2-26', '1at9atii44rd57omio1wpfl4o', 4, 6, 18);

insert into faktura (sifra_fakture, korisnicko_ime, sifra_kupca, datum_fakture, paritet_fakture, bruto_fakture, neto_fakture, ukupno_komada_robe) values ('t5wymj56h1mjscv4ypxp', 'khk13gdd2lopilg8rbfi', '12c', '55-9-10', 'bpr9di8vj5lgv w53fqx8h03t', 17, 17, 9);

insert into narucena_roba (sifra_robe, sifra_porudzbine, komada_naruceno, komada_poslato, komada_ostalo) values ('mw9lpno4avgcai37588a5gbv0tjc83xvtfeqvic6datf66xf9l6x 0ssu bxel2pkj7c4k31yg9', 'oxj1lqoborgk2kdw8m3s', 7, 9, 9);

insert into narucena_roba (sifra_robe, sifra_porudzbine, komada_naruceno, komada_poslato, komada_ostalo) values ('e7 u2d9boj boat6h1fcv3nta8t68sb69p4hc 0kx107tr3u1ex x5v1etjyq2ln x2n3yek2j0', 'iel648oqk2hht47u112r', 10, 18, 3);

insert into narucena_roba (sifra_robe, sifra_porudzbine, komada_naruceno, komada_poslato, komada_ostalo) values (' 06frlppdvu6ckga24dtfk1lclmqlg36ajs9y73n3cn9srly6gn7w44pppq4lln0wbbp6xkyveh', 'vy99hjjb74ho1hxcsdm2', 19, 1, 4);

insert into narucena_roba (sifra_robe, sifra_porudzbine, komada_naruceno, komada_poslato, komada_ostalo) values ('l5wnl7fdv4q6r0tcg5x 9rouqsv33jppiv wn53aoti1bqs1diyu 0jv4u7gr4f1010is77l7cl', '2sj03j7oemyb7gw 4wk8', 2, 19, 15);

insert into narucena_roba (sifra_robe, sifra_porudzbine, komada_naruceno, komada_poslato, komada_ostalo) values ('iag4pdk8whwdbd11e0t9l c3k0qyywq7btxqqnwanev5iqpnm4 gx0793j72cymi1d25u7qslmh', 'cyfx4x0x64574yt6wd7p', 6, 2, 0);

insert into narucena_roba (sifra_robe, sifra_porudzbine, komada_naruceno, komada_poslato, komada_ostalo) values ('d5du6nq3s0inn wbu7aet6o e6vxa3ah3d26 ynsk6nee1yv2dq0c5pv2a70idwruqjy9v2wk7f', 'g74si0d1dmp96qi715pi', 14, 5, 2);

insert into narucena_roba (sifra_robe, sifra_porudzbine, komada_naruceno, komada_poslato, komada_ostalo) values ('so0qu32r5fas476j53m5ds556fpdd78kvpimcsyp2fsg9h618tx2jiy5gsmbbbul9q2boj3orot', 'v3nf3r2rykl3yxjg07bp', 5, 3, 12);

insert into narucena_roba (sifra_robe, sifra_porudzbine, komada_naruceno, komada_poslato, komada_ostalo) values ('l104lqe9xk7yi4qpv1d2sb04p99wjtmfb9i4xsnjc1j9 3p byb7a0v01pgayioi1x7ti8dj5lr', 'l1agorw6 w27sr22ala6', 12, 13, 10);

insert into narucena_roba (sifra_robe, sifra_porudzbine, komada_naruceno, komada_poslato, komada_ostalo) values ('g4 4b6nn4y0l tq3hdtayg9u6lieyi1nja0iicvc fkl6sbq709 jkjom8smftfgul4cavi e4o', 'gwd1j6d9dc1c ovh87fl', 8, 16, 6);

insert into narucena_roba (sifra_robe, sifra_porudzbine, komada_naruceno, komada_poslato, komada_ostalo) values ('8p1gdiu4avk9k 8s gsu06wv697mmeawyiwemvp9qk21te80dfelpqvhl  gwewj8g1jm759x2u', '08cnab1hu6maxv7spkuk', 13, 4, 13);

insert into narucena_roba (sifra_robe, sifra_porudzbine, komada_naruceno, komada_poslato, komada_ostalo) values ('obklhtqx6d40v6t7cx6qiicae0thbis04iih0akx5gbjil63te0cccuwnyevb40xh9luyt26bvr', 'mhiboe6hlyl64du04pu2', 1, 8, 7);

insert into narucena_roba (sifra_robe, sifra_porudzbine, komada_naruceno, komada_poslato, komada_ostalo) values ('hni86kjj3caka5638rgwa14qgeibul59l4l78f1s3cx08wxd8t7m1515r1f8a190ifm3ee678xu', 'vjajftfmw2gb8jc1pc05', 4, 0, 19);

insert into narucena_roba (sifra_robe, sifra_porudzbine, komada_naruceno, komada_poslato, komada_ostalo) values ('ks1 7cc44dfjh2app6xqokqcv mrn69pk7xmwtt0ctmqsh4ighmoaxujfof4eg87740p7pdn36k', ' rkr6y4yfrf8cvru9s1u', 0, 6, 5);

insert into narucena_roba (sifra_robe, sifra_porudzbine, komada_naruceno, komada_poslato, komada_ostalo) values ('6ku917foo9i91ie8438c1mewl9tuw4ic0nr2jiitvg 3otcp5tlqxv7f6mrom154wboh7ukvx5w', 'hvr 25sy1xgox2550tuq', 16, 15, 1);

insert into narucena_roba (sifra_robe, sifra_porudzbine, komada_naruceno, komada_poslato, komada_ostalo) values ('5ex0k42banuyhx8v qeq90at7dmnv1 gu2b7tip0g0ed6rhcj5m6a2m3jc430w0raofxh921dvb', 's ef6smqaonrpijiersh', 11, 7, 11);

insert into narucena_roba (sifra_robe, sifra_porudzbine, komada_naruceno, komada_poslato, komada_ostalo) values ('hr644rv3pvcucfhjlltqn96ijuxsju28jn8cxru2qtmt1i4014k0o5ltnak0hbhp3fgp985o336', 'iumui5t5b3u36q0564m6', 17, 14, 14);

insert into narucena_roba (sifra_robe, sifra_porudzbine, komada_naruceno, komada_poslato, komada_ostalo) values ('vj3qjm8h5a0yg5ep9jw270rx7dmt1rvwqy2q2tqdtmldg8uig7cr4eka8dyx32e4h51ldgko4oa', 'o4kroqohwlx6v2tx20no', 3, 12, 17);

insert into narucena_roba (sifra_robe, sifra_porudzbine, komada_naruceno, komada_poslato, komada_ostalo) values ('xqdilvs4lqowol3ympn5sptas8iu9j54r3af5ac8j7jwri5y2qcqbbeoxacul1lr1c0suuognmy', 'p73c 36w1 ms1kq8im9w', 15, 11, 8);

insert into narucena_roba (sifra_robe, sifra_porudzbine, komada_naruceno, komada_poslato, komada_ostalo) values ('xsly1ftcwpm3ri1k owaly4uxy1g6215ihuqtxk2kfeyt601u ualrxcb8v1ftbn93pensiasis', 'nnfktulqfjhnovqb 0g7', 18, 17, 18);

insert into narucena_roba (sifra_robe, sifra_porudzbine, komada_naruceno, komada_poslato, komada_ostalo) values ('rnji 5k igq9fmynmx4aa1h0rjc1ytjc2t9tst0wlh3i8o06615o5sxyb4uhe1l28j148vdiwn9', 'erple8sm6ihe4q85wpim', 9, 10, 16);

insert into fakturisana_roba (sifra_robe, sifra_fakture, komada_fakturisano) values ('mw9lpno4avgcai37588a5gbv0tjc83xvtfeqvic6datf66xf9l6x 0ssu bxel2pkj7c4k31yg9', 'wgdj03op7v6iify504vo', 7);

insert into fakturisana_roba (sifra_robe, sifra_fakture, komada_fakturisano) values ('e7 u2d9boj boat6h1fcv3nta8t68sb69p4hc 0kx107tr3u1ex x5v1etjyq2ln x2n3yek2j0', 'nhnh3vnvenxpn20opv87', 5);

insert into fakturisana_roba (sifra_robe, sifra_fakture, komada_fakturisano) values (' 06frlppdvu6ckga24dtfk1lclmqlg36ajs9y73n3cn9srly6gn7w44pppq4lln0wbbp6xkyveh', 'o2cpoec9pv3x9lshjnld', 15);

insert into fakturisana_roba (sifra_robe, sifra_fakture, komada_fakturisano) values ('l5wnl7fdv4q6r0tcg5x 9rouqsv33jppiv wn53aoti1bqs1diyu 0jv4u7gr4f1010is77l7cl', 'ixydb1hoqx 383txxlxc', 1);

insert into fakturisana_roba (sifra_robe, sifra_fakture, komada_fakturisano) values ('iag4pdk8whwdbd11e0t9l c3k0qyywq7btxqqnwanev5iqpnm4 gx0793j72cymi1d25u7qslmh', '4pon2lydatmp pv0b8hp', 4);

insert into fakturisana_roba (sifra_robe, sifra_fakture, komada_fakturisano) values ('d5du6nq3s0inn wbu7aet6o e6vxa3ah3d26 ynsk6nee1yv2dq0c5pv2a70idwruqjy9v2wk7f', 'sif ct11 y49wt4h6csi', 14);

insert into fakturisana_roba (sifra_robe, sifra_fakture, komada_fakturisano) values ('so0qu32r5fas476j53m5ds556fpdd78kvpimcsyp2fsg9h618tx2jiy5gsmbbbul9q2boj3orot', 'f8jqi4pqk8c0f4a0u 6v', 12);

insert into fakturisana_roba (sifra_robe, sifra_fakture, komada_fakturisano) values ('l104lqe9xk7yi4qpv1d2sb04p99wjtmfb9i4xsnjc1j9 3p byb7a0v01pgayioi1x7ti8dj5lr', 'jokd49l8o 3sjgrbphn6', 9);

insert into fakturisana_roba (sifra_robe, sifra_fakture, komada_fakturisano) values ('g4 4b6nn4y0l tq3hdtayg9u6lieyi1nja0iicvc fkl6sbq709 jkjom8smftfgul4cavi e4o', 'bh3t5lgu02 c791n9uyn', 3);

insert into fakturisana_roba (sifra_robe, sifra_fakture, komada_fakturisano) values ('8p1gdiu4avk9k 8s gsu06wv697mmeawyiwemvp9qk21te80dfelpqvhl  gwewj8g1jm759x2u', 'fysnkwgc4f2ka7cgcywo', 13);

insert into fakturisana_roba (sifra_robe, sifra_fakture, komada_fakturisano) values ('obklhtqx6d40v6t7cx6qiicae0thbis04iih0akx5gbjil63te0cccuwnyevb40xh9luyt26bvr', 'gbxcghgj84mib  2wodq', 18);

insert into fakturisana_roba (sifra_robe, sifra_fakture, komada_fakturisano) values ('hni86kjj3caka5638rgwa14qgeibul59l4l78f1s3cx08wxd8t7m1515r1f8a190ifm3ee678xu', '8ugmjcf7bkt8au3uodx ', 0);

insert into fakturisana_roba (sifra_robe, sifra_fakture, komada_fakturisano) values ('ks1 7cc44dfjh2app6xqokqcv mrn69pk7xmwtt0ctmqsh4ighmoaxujfof4eg87740p7pdn36k', 'biso32xiasxic hjkobg', 17);

insert into fakturisana_roba (sifra_robe, sifra_fakture, komada_fakturisano) values ('6ku917foo9i91ie8438c1mewl9tuw4ic0nr2jiitvg 3otcp5tlqxv7f6mrom154wboh7ukvx5w', '94krye9t7aoj7480eh00', 2);

insert into fakturisana_roba (sifra_robe, sifra_fakture, komada_fakturisano) values ('5ex0k42banuyhx8v qeq90at7dmnv1 gu2b7tip0g0ed6rhcj5m6a2m3jc430w0raofxh921dvb', 'wx8mqa069rmj9hl2cnt9', 8);

insert into fakturisana_roba (sifra_robe, sifra_fakture, komada_fakturisano) values ('hr644rv3pvcucfhjlltqn96ijuxsju28jn8cxru2qtmt1i4014k0o5ltnak0hbhp3fgp985o336', '7u49 xfetst5cl03liys', 11);

insert into fakturisana_roba (sifra_robe, sifra_fakture, komada_fakturisano) values ('vj3qjm8h5a0yg5ep9jw270rx7dmt1rvwqy2q2tqdtmldg8uig7cr4eka8dyx32e4h51ldgko4oa', ' wmvdwjhr u8uxto8lfr', 10);

insert into fakturisana_roba (sifra_robe, sifra_fakture, komada_fakturisano) values ('xqdilvs4lqowol3ympn5sptas8iu9j54r3af5ac8j7jwri5y2qcqbbeoxacul1lr1c0suuognmy', 'su2 k2n1yoh9d69xit8u', 16);

insert into fakturisana_roba (sifra_robe, sifra_fakture, komada_fakturisano) values ('xsly1ftcwpm3ri1k owaly4uxy1g6215ihuqtxk2kfeyt601u ualrxcb8v1ftbn93pensiasis', 'vk2t4qgyso12prn50e8h', 6);

insert into fakturisana_roba (sifra_robe, sifra_fakture, komada_fakturisano) values ('rnji 5k igq9fmynmx4aa1h0rjc1ytjc2t9tst0wlh3i8o06615o5sxyb4uhe1l28j148vdiwn9', 't5wymj56h1mjscv4ypxp', 19);

