insert into korisnik (korisnicko_ime, lozinka) values ('gg3pbtst8ko4rkhg1rwi', 'gqn2k5wy6qyfeh10lc6e');

insert into korisnik (korisnicko_ime, lozinka) values ('tju15wsat2i9yq2r vtr', 'ahvojbv2t1qlhabga0u6');

insert into korisnik (korisnicko_ime, lozinka) values ('hd9875an07msj9fkwgdp', 'hlqylkw9y9ja896ax  6');

insert into korisnik (korisnicko_ime, lozinka) values ('bc9bhh3ew5f87l32 t25', 'drdh jhi4 u5r kdw3t3');

insert into korisnik (korisnicko_ime, lozinka) values ('rj5yq41xajy86d6l 28i', '97iev3wcegg muejt6d2');

insert into korisnik (korisnicko_ime, lozinka) values ('n1pai8ixjqnjpn7ys6mj', 'w083iobddafutctkrm7d');

insert into korisnik (korisnicko_ime, lozinka) values ('f40r2hjlgtx5fbhmg52a', 'hh8uvqwwwsb3uh5y8f4v');

insert into korisnik (korisnicko_ime, lozinka) values ('qeq2d8wxnxyeg 8a4eeb', 'jq6g1rkxyx4mork7x7nc');

insert into korisnik (korisnicko_ime, lozinka) values ('vuvgw8em94op1srmayj4', '2x3qu6hagtcyhg9jce1n');

insert into korisnik (korisnicko_ime, lozinka) values ('pbi7ixo 29mjdb0t9cva', '0ig0ju0p4h9bc nb7bvb');

insert into korisnik (korisnicko_ime, lozinka) values ('3vh e7 s1cp  mmcuko8', 'sdnstvoc85x42aq3o7e6');

insert into korisnik (korisnicko_ime, lozinka) values ('5mrmy7mq9q2b5 y0bedr', 'b64vna9athtwtj2rot8t');

insert into korisnik (korisnicko_ime, lozinka) values ('6va1ymcsmhri4eamse7u', '5r3wsib1p7tiycft 3g8');

insert into korisnik (korisnicko_ime, lozinka) values ('5s 2p tvujrfevi2pdk8', '4oim7nrfrhghmypocxcr');

insert into korisnik (korisnicko_ime, lozinka) values ('63tfayc9 qlyscdg091s', '96muye3ifi3y1a1nkyaf');

insert into korisnik (korisnicko_ime, lozinka) values ('j5obbnr rhxyrt vh3xv', '8kpn8ca9fnqq2aifs6v0');

insert into korisnik (korisnicko_ime, lozinka) values ('qwv2imq6d5y5h9ilnctr', '1m8c154tnlgmv224jdko');

insert into korisnik (korisnicko_ime, lozinka) values ('8ttypvpq1xrh9kea4bej', 'a646tmfogx82vdbi5ieo');

insert into korisnik (korisnicko_ime, lozinka) values ('6w4hb6e441posshvdhp5', '6lc0wfgi5hk2qg1w88k5');

insert into korisnik (korisnicko_ime, lozinka) values ('v2crs8ux2ghirldi7p8e', 'hbj03m0nxy7cw bq5il ');

insert into magacin (sifra_magacina, naziv_magacina, adresa_magacina, sef_magacina, telefon_magacina) values ('bswxg', 'etl2qffxdia17ql01em3px2qe771raopvn8yua8 dvhj7cc4sa', '2sh08yf1x7n09q8orlfwclwot4j739x8exbo5hy8j5syu1g7se', 'wyegevtcev84vwcne71xvq0kjombvf0h4bpw4e15vqs8rorq15', 'fso 6o6vhtvk g nbxam');

insert into magacin (sifra_magacina, naziv_magacina, adresa_magacina, sef_magacina, telefon_magacina) values ('lwgej', '66n3j5eg3jodexe2wxlrycm1g6psy gxb6tpjjp0b0q xmp6cr', '0440f4665igvdm6k8j35c1yrgq6pxvn84u4no2s9b54sfswhxq', '14wm8bh66lnjedw1tbjqyf5hj1u70ou9f5a 62uel9k6j42wnb', '59mxdni3li6jpfrd8ssx');

insert into magacin (sifra_magacina, naziv_magacina, adresa_magacina, sef_magacina, telefon_magacina) values ('8p8qt', 'te3lj38 wmslciml mnhuk8oik6ar9 o9f8ar9fcr4dt3f8bpe', 'u tw1sq4 q0wswlsbobt0ks0lo9c0ielmcgxnu35kgt8p4kwbr', '7i 8c6o5iigpe31vlgefyletjse  3u3p7tr177t8fq8tgfueg', ' 9g5v538ek9nbqpysx1l');

insert into magacin (sifra_magacina, naziv_magacina, adresa_magacina, sef_magacina, telefon_magacina) values ('364fj', 'ehmvp5d647vtn8bp vbw74485fm6rnc9hv5v4gjlsmjesf8t m', 'ta75m6ymxj29wna21yre6yro7e if76wd5uy5vr468ncyg6d7e', 'q6pd1ajo8gi6wjobeedex hrpqrpwbcea9hqngl2l43716p4yo', 'ijq5xb ss9h9u2y9e5dt');

insert into magacin (sifra_magacina, naziv_magacina, adresa_magacina, sef_magacina, telefon_magacina) values ('4dnbh', 'di8jhin43ifa13j tph1w87omucq2xwtisp787fh 8xcne70al', '8w0twlwo7ltxigymdx1g51m b8ev5vcb3ou7wscxxsrfgbcm9r', '1 c7r7lyejm42kft946qq4asnk97hv098lvqobuog2isa5t3if', 'bds30crcggwycr58jcuy');

insert into magacin (sifra_magacina, naziv_magacina, adresa_magacina, sef_magacina, telefon_magacina) values ('xf441', '6q85gf71swlwgmikc6g6311chdxc91iyas00lto246e8d2gvgw', '5grpj1pabsnllhby9p4arotfg8no4r17plst48gs3clyxb v04', 'd50vhbo2ehqre pbkfsm7 5t8hn9eh6tqgjait6y0i4s7voicv', '2ub3rb6nmmqqaw90dpwv');

insert into magacin (sifra_magacina, naziv_magacina, adresa_magacina, sef_magacina, telefon_magacina) values ('a0may', '3086a1w8are2peavk9tpq6v6u2d3pts9ruh72lhc16f1dm90yw', 'jh54jsf2d7m89t5pxh92a etft2u4i9dn7d4t0hpaxyyi49sf8', 'pjryao92 wfku0k0f71jpugghxq1 4w82dry51u00 d3k1wuvf', 'cjbnoo 9hun894lpxlro');

insert into magacin (sifra_magacina, naziv_magacina, adresa_magacina, sef_magacina, telefon_magacina) values ('44ugy', '8uaq5 29bmwqqh mjcxh1d5p5qbjso0l1xmbj 09 e0239 s3p', 'msvw6k7fittseigny6c4q5p91gei003 p5 mn7efkl9k2shh9f', '2vbrw4l3ptydpdkbsfll1gkb1xxcnm0ltcl6908 0nfx twjs1', 'mjhg18v2mimfyxd 2q6t');

insert into magacin (sifra_magacina, naziv_magacina, adresa_magacina, sef_magacina, telefon_magacina) values ('vhjvh', 'sc hi5exk50rephj8l61d7837gansjwds 69o 28iolii8s5wh', 'w3ilf4jxlbsn63qpd0cg4wb7jm9msphqatgbqqx9qq47k9skwx', '7b45subr5tw4n2whyn34roik7akwtl6kourq7isgqpydng3l m', 'yho8hnh32ueq5aspqw88');

insert into magacin (sifra_magacina, naziv_magacina, adresa_magacina, sef_magacina, telefon_magacina) values ('c8sdd', '2xghrqhpl9qqg41jnelssowsgm4q5wov8j2irqklcb4i5j 5nm', '07y9lbwm5i0shkc0jrjsfykwxblnmjd2qh0f1ak5b79k00vfyl', 'whsmuk2mdn210md8y4mq0i8o 3bp89tginy9nfjnidl4htbs2i', 'bcw6tvrrs0vi6basnm2u');

insert into magacin (sifra_magacina, naziv_magacina, adresa_magacina, sef_magacina, telefon_magacina) values ('oq3vu', '4tftfo54f ynh6eqhfymtie9hnadgkcx1qfw2fpe5slcgybdav', 'qfmv b0n958oq7ca1m0b16shqnkta5qyds1q3j6lemuqe47elx', 'ua 66jvpm6j8ommmnskgvssuc7xf089nrs0vkfdaj3g9e0t07c', 'msm4g0rrc8akpqs61ov ');

insert into magacin (sifra_magacina, naziv_magacina, adresa_magacina, sef_magacina, telefon_magacina) values ('u5j87', 'oi5xjyejuw24rg8 picnp1sx05d5ats4desj4p98v6qegogn43', 'pw97a148js9u17v7ovl5rere1tpuck9 p7po820s741fijf4d1', 'j4w ugdgytimh08tn5 x0m3nsd8ye21wr4xi19o hldhep8uqq', '1qgun b7xqfitvgha4uk');

insert into magacin (sifra_magacina, naziv_magacina, adresa_magacina, sef_magacina, telefon_magacina) values ('6nldx', '4090mtc49v6r24g773y69hfal4kj7jo1jfxpqgn9fhdb1fgs5k', 'eh39t4 pj0154xoacu2c672e211hwfqnkqsmnykws7vrqd7w8w', 'i111dvio36islfo7s0l0eupgprkio8ehr6jmgs0har pdq4cwm', 'msqgcmjjk8w gjb3dvwb');

insert into magacin (sifra_magacina, naziv_magacina, adresa_magacina, sef_magacina, telefon_magacina) values ('4 fle', 'fidno455qdr1dn xwyyl1gidr0cbsvo2i6arpj5i4v58824ouy', 'ju rhxpmunkf5s41r1teigdwo44aieewqr87jnf6duats55e67', 'f2ky187r7tlb1hv3b3h9t7sai3vj3n5vahd690 7fp 7dvk12t', 'aghkc6x4xyd9cnm14g4e');

insert into magacin (sifra_magacina, naziv_magacina, adresa_magacina, sef_magacina, telefon_magacina) values ('xekfx', 'wkpgc6rtgp234uk3jkp9kdf78v9ey2 b fs 4md0m4u 2dnkgc', 'fbc59fl3y3ow sxbao55ohf0hnm5qqi 44bff50pdkk31hr03n', 'k2vh njulhxe lpx 7dxs80xw1b0 l6sxwb2v6ak5580e6 skp', 'cu6wu4ejtsyhp5epg7s ');

insert into magacin (sifra_magacina, naziv_magacina, adresa_magacina, sef_magacina, telefon_magacina) values ('ivmfi', 'vxq2xwmblnpj12euin9n3esto1g67d35f495cxqmaqxtbl555x', 'ynyb2a0hes0xhe2ghdx6m52wsbsr2f33e4u9kyc6ms7o4o0jpn', 'pbtemuft5fyttqqeluxnse4yw2wb51e9tpunnjogdqo3yxa1fx', 'po08pbq12ix w7wj27 k');

insert into magacin (sifra_magacina, naziv_magacina, adresa_magacina, sef_magacina, telefon_magacina) values ('6vaes', 'jc 3tm8ke1bkbmnby6 mqikhfnlsybyawwjn846uetjqr3tu01', 'rnds8qqldc2b7cp1vxldg3khgnr45ukq2jj3m3nn1s5l 5xonq', '78ta4a4ai55dpakq7d9osqur0addv9uj9fyquebkt7k2s647p9', '0u8u52orxujp2fowjmqv');

insert into magacin (sifra_magacina, naziv_magacina, adresa_magacina, sef_magacina, telefon_magacina) values ('laumt', 'orlcjka28uc08 pqw2eg636k svj9 unsh13fnw53fojdagcop', ' 6uxdw0ex78cilxrnrhdhr0m3dfntxt1y3ltuo5djmmfp h5il', 'gmydni9mlrqc3178kwxg8 weu5 7x2oiyfd143aqwd9js0n1rn', '70kpbe d1corio84nc2p');

insert into magacin (sifra_magacina, naziv_magacina, adresa_magacina, sef_magacina, telefon_magacina) values ('5enqh', 'gg bpia3ukcw658engi8w7jl upc0h2ccockc leohfqytehoq', 'ofyykaut4e 903x08an45yq53t39xe7jhinv12qc5eqvy4myvb', '6jvqg467mkng1q9pa8yrjog4u r3rlhh9mk5k4li4bbn8vqtye', '3fkkc8jy6w mj1x34y5g');

insert into magacin (sifra_magacina, naziv_magacina, adresa_magacina, sef_magacina, telefon_magacina) values ('04uk6', '0s8okr7km4jyp4q80pmjmv49 gi2938y9m35luyylngttp4yui', '79cfwr0ogeh45qt8utq6ci4 9nc53667ro3xtlama3cwxh1nnq', '3 wx3puq4673ek1mvr js2wg636bfqpvpdvchbpoba741oabm9', 'pyatf88pa3mosnxh1 47');

insert into kurs (datum_kursa, ron_evro) values ('207-4-14', 19);

insert into kurs (datum_kursa, ron_evro) values ('1428-11-10', 11);

insert into kurs (datum_kursa, ron_evro) values ('949-10-25', 6);

insert into kurs (datum_kursa, ron_evro) values ('445-4-30', 1);

insert into kurs (datum_kursa, ron_evro) values ('339-7-14', 14);

insert into kurs (datum_kursa, ron_evro) values ('509-3-5', 7);

insert into kurs (datum_kursa, ron_evro) values ('899-7-24', 8);

insert into kurs (datum_kursa, ron_evro) values ('1083-3-4', 13);

insert into kurs (datum_kursa, ron_evro) values ('1767-11-10', 3);

insert into kurs (datum_kursa, ron_evro) values ('1663-12-9', 10);

insert into kurs (datum_kursa, ron_evro) values ('1160-7-9', 15);

insert into kurs (datum_kursa, ron_evro) values ('1211-4-25', 17);

insert into kurs (datum_kursa, ron_evro) values ('1366-4-16', 2);

insert into kurs (datum_kursa, ron_evro) values ('1312-2-11', 0);

insert into kurs (datum_kursa, ron_evro) values ('1495-4-12', 16);

insert into kurs (datum_kursa, ron_evro) values ('1-1-1', 4);

insert into kurs (datum_kursa, ron_evro) values ('1544-3-26', 18);

insert into kurs (datum_kursa, ron_evro) values ('68-6-9', 5);

insert into kurs (datum_kursa, ron_evro) values ('649-10-13', 9);

insert into kurs (datum_kursa, ron_evro) values ('757-7-28', 12);

insert into kupci (sifra_kupca, naziv_kupca, naziv_kupca2, adresa_kupca, grad_kupca, drzava_kupca) values ('   ', ' 54d e5ydpry6jdultc4bmpbfqspmf2kfh31l7sqs171i 7ym1', 'l4cq40so0agf9bnaf b3r6u9u28um0bn6m4u4cy195kowxv9 4', 'v66jcme0qsdfa8is2yjifh4ca7xwplic1v8igtaiimsnahmy1q', '9x2y8bnkyf6khr8q2031au4othbikp', 'oagje8nv71b0w04wcv9xa20lmmq71h');

insert into kupci (sifra_kupca, naziv_kupca, naziv_kupca2, adresa_kupca, grad_kupca, drzava_kupca) values ('  0', 'l2yukv075asbwuea7ruy2w2rny47w4m238tvnpugdnlg8vehvg', 'ld304iib4unkcfnqx4sxldc597i8br858i89hng2lsr5n8idb3', 'm9ehkiw 10rhf603yohrbn1xjbfotcb9 4pnxq71crmwqubimf', '4mpse am4o67hs 25lc8yoq8l6ur9g', 'qndo27tr5gojybyl5c6v41yadnbb0v');

insert into kupci (sifra_kupca, naziv_kupca, naziv_kupca2, adresa_kupca, grad_kupca, drzava_kupca) values ('  1', '2tv u88d8troqx3956wcqfxmobwh471jgj7f1wpet54x8qa90u', 'ylfs8mpt0nxbv57sj78tdeotu695qupvf3gigduvejul7n86b3', 'grp00tnmhop818l67neh204ghjk8qy0n3tsyhip330 ymj10ju', 'yaj9vdqbh89d6uksudpvgf5bdfb1kv', '3wy9exml8tiv01lfs74shy8mjsifd9');

insert into kupci (sifra_kupca, naziv_kupca, naziv_kupca2, adresa_kupca, grad_kupca, drzava_kupca) values ('  2', '75q6sie1pejn9qyjyluiajn5a4uvxn8nmf50i1wfib 9h88w6r', '1eks8nyyjfss8823yy jeim6kf jwc 0ttr4vp1o3hsdtor4iq', 'b4mp6vcs40ediixjtspdspjvanv9gi550xc2w7vnkunvypaa6s', '4hs5sb5uvpqv2p453ub9ebjic233iu', 'qp0mhgblnij23dr9antsh3xbcmc1bn');

insert into kupci (sifra_kupca, naziv_kupca, naziv_kupca2, adresa_kupca, grad_kupca, drzava_kupca) values ('  3', 'ptso8hncftucey3el92b3x8rymbmuev1fui5xdnl86blyvp70i', 'ervfrpvsi4ijx rrcmy16gtv936ahpxhsyk2v7rtn46olxd152', '9 ju03deqlg388t3w950os575sq9a 72 039e6 7jw7gsd4oai', 'cxvrwc1jergou5xvngh n60r9p2qst', 'x8on4wr0 f55bsa6o6im9wr1i9sgf5');

insert into kupci (sifra_kupca, naziv_kupca, naziv_kupca2, adresa_kupca, grad_kupca, drzava_kupca) values ('  4', '3uqms8deuv2d4j1pbmtsotos7514jtkhoiac43ajneyw 7tpj9', 'pffcwacust55c6rkjg0nkssnsefoejji17w9smpy prs6rhelb', 'p 2218ulnjleyyev5gokrghxj3x6qpwl 3i30yiy cjj8cxltk', 'ne3cc4 sqv33tbsmh8yfwv5jm7unkq', 'oye954kmcohbn31xf9tsdg4tgagbby');

insert into kupci (sifra_kupca, naziv_kupca, naziv_kupca2, adresa_kupca, grad_kupca, drzava_kupca) values ('  5', 'sb9tlmx2m3o8p2ho1g9m50x0cqlyea4lj7wc0qdufs9858o221', 'axx5t90w0ywgffoer19vg7s0ct4hmmf0xtoi5u94se70bs7r5e', 'd0xbow7danaj1qv2yawkftp499qypth6am5ajt2p722e4rqaik', 'd3imb251wbkf655efqmaq5cs4nlu g', 'kwgshhyv9er27c8ey20oidem7g5db1');

insert into kupci (sifra_kupca, naziv_kupca, naziv_kupca2, adresa_kupca, grad_kupca, drzava_kupca) values ('  6', '60m1cww64lo1iigd328f e0wgky6xs6u doy3o 9rrsqneucfh', 'a8bo0hxa4nevej10 ntrtmekwm4vvk9071kxchm7ftj6plw4cg', '9qr4dg9ixwqm5efm 1c6 yi8xuvtbi3gm4uw2cpx63e8gokxy4', 'w6sb5mxdmofpjg5qdcsujpa5krvok1', 'ykvu0swmixxshmxc0179t7pbc94cvr');

insert into kupci (sifra_kupca, naziv_kupca, naziv_kupca2, adresa_kupca, grad_kupca, drzava_kupca) values ('  7', 'w5q2mthwfaig08pok9xcupo26a2 ndh2uf5kdjks407xyahtum', '9rolfxwwdfrwcgktxw43jikkcxciqoe0j0mygtck3krcn5a5p ', 'mm9bslv8981 d8k8fdd8lp ga0hxa3p16xtdf8uxlhqasrpifx', 'd90j6lujtnr9cn1b65e9xyvofrkjco', 'h7kv542rd03w0vxlbncm6vl w39vcu');

insert into kupci (sifra_kupca, naziv_kupca, naziv_kupca2, adresa_kupca, grad_kupca, drzava_kupca) values ('  8', '4des52lrrepby6b0904pyox09m6ognavhkfjh51ec8lpf3ptny', 'j0u esm01as28k81867iqiwtiahhhxrwlkndyeomdkel3getuh', 'fyptsrciwfwbt64107lwu6c4uelln932xomu6opfvxlgyst2t8', 'sajd vxcypmqed itwy3i70fkmal4a', 'gxi13o22 ahd8qk p3j58hjk4856un');

insert into kupci (sifra_kupca, naziv_kupca, naziv_kupca2, adresa_kupca, grad_kupca, drzava_kupca) values ('  9', 'hnyy03japstv0yc6glxmslugmpnyswebxcwvr7d38mq3d lts9', 'c6rrv5eo6qk1eu0s79nkdelnxijapqmqlvgkmvo421ankdbbr8', '90w3exbqtv3qyg34n nswk4i71s3y9o94l4quul48iq3t m9w5', 'y0y634hgqn 26rn9mg0y83yf2bsjly', 'b8325cfmugvgef2e3xriqo90eekysu');

insert into kupci (sifra_kupca, naziv_kupca, naziv_kupca2, adresa_kupca, grad_kupca, drzava_kupca) values ('  a', 'vpevxfy7awjf6gnf4mwiplatiw2alkkiokqxrwhn5uas35m51a', '3j5guhqygp9kgdpm4acrbyjjm1ngtjloasx6 p7yykth2lhbbe', 'smm wph937h1mkpek22yqsfyaeqmslbv9lys gvyj4m 6tbsdx', 'rwfhmw2p4jyqoh fpiqamr9lu2 ayg', 'ipx18051xufms5l077w434a9n k3y0');

insert into kupci (sifra_kupca, naziv_kupca, naziv_kupca2, adresa_kupca, grad_kupca, drzava_kupca) values ('  b', 'f8ws6rcoyabwmxq8yn13y80pmhwimi1uluy21elrcj7nmshnf ', 'xltroac7t462l80wc8odkgnv9311enw58dcp anrk o368f62f', 'qi9drfil4hfxkdn 5cn1nkyrute10tp3tu8vep8jlxtl4ho1v2', 'm5n9aswd1pc40m534tkcvnvuucxwps', 'ej5lujfil9iujmx7s6vv0mp4v30no ');

insert into kupci (sifra_kupca, naziv_kupca, naziv_kupca2, adresa_kupca, grad_kupca, drzava_kupca) values ('  c', 'falc2gopc54l6lmonrxa8iny4nmmnfqfijyf8fulo0wbd1cpvq', 'rynvp4 w19  af7vk5ubx6hg6ibk1jobr573keg5ooqdwcoubw', 'r9tb4x fvpm3s9jk9r99913eu66r1vxmo77xwc3uqpu1syfchv', 'qg71n 1j6n16erabp16f2ol4btdkud', 'j7vw69jn77s9njp4ed 3pj96olhklm');

insert into kupci (sifra_kupca, naziv_kupca, naziv_kupca2, adresa_kupca, grad_kupca, drzava_kupca) values ('  d', 'l3e8snycu u6oe04dj6pha 0cxd1sn9g35pm96puuls792kikj', '5wwkcblujt72awujo2kw9dq78c8i0k6eugi7jsldejm gl1djp', '09gqtjwttbgiisbhfx6oiana2m0p92kg7gp992w u0pw1i30td', '4a5worg9aa6ypi8ran r84p2h6rgow', '55f8cnl17x3nbga77igcj30ra53jd4');

insert into kupci (sifra_kupca, naziv_kupca, naziv_kupca2, adresa_kupca, grad_kupca, drzava_kupca) values ('  e', 'gs5fkb2t2 ws652os7rs1lkqyc5q9l4 n6nsbmg3h7ylje0j7f', 'c0here3d4p1mkrxb3lxfmyk68nd73l8rs9ul2gwuow61noco4c', 'tfv3s5gipv3qp72bw28ybjtcmv8vy5l3r23swe1 7scjm5nx1k', '0k83g7xyi nftm7ko1gfvr 8wp57cq', '4w67vobqvmvlpa4h m6sal1phhhm1v');

insert into kupci (sifra_kupca, naziv_kupca, naziv_kupca2, adresa_kupca, grad_kupca, drzava_kupca) values ('  f', '7t1duasf80soe4e93aovnil jop74cnnwsef6vv3pjahjsdcu3', 'y9y4m09lo lrcx3cglu8b2a6e9ck7qh6jol39caglkv3dsp41l', 'qa3s4e 743epnh0ye07ij1vmmrkrs1224btfw1piynhtqmib8l', '6ej81g60dl1oqcc75i85cblqkgpg9h', '2gwwqj42g638chpgb0pvfl7naih21a');

insert into kupci (sifra_kupca, naziv_kupca, naziv_kupca2, adresa_kupca, grad_kupca, drzava_kupca) values ('  g', 'jknhgegsnyf7q2bebexoq 05h3fi7lkfei525jsvuiq06u9hjb', ' 918lt45ejih925jco6a25v 1jxvekw15qrfk7ewb9exu1u1rf', 'ieja2huycy430s0fgk4ooea2q3b9cccj3db06f7q9 04xtb5np', 'frtfeslh62 32k88bes29biyliqw3u', 'oeccohj3ftt9re66qgey3im9gvhet8');

insert into kupci (sifra_kupca, naziv_kupca, naziv_kupca2, adresa_kupca, grad_kupca, drzava_kupca) values ('  h', '8mxjxwm2qhm37o9 oxpc 0b2m9p1u0cn 848hwhb iex0hmlii', '3xplqo kmk7uqwug9neyq7f4 wve3s7gs6k0 jfg37favibyau', 'gesb 28hqsj3syu405pc7v7kmvv869hse00m6jmf0a6kw53sia', 'h7nr2wb9y9ja7aeht9h0u6whisl5p2', 'xh6uctvu6k58nd03ptgf3e7h7sdh1a');

insert into kupci (sifra_kupca, naziv_kupca, naziv_kupca2, adresa_kupca, grad_kupca, drzava_kupca) values ('  i', 'cnnel9g44mf6i9vqwbyid6d3bxgilfpt5asiq5df6gn9deby 2', 'mr73r5g6dh1uvm2yam ss 1 od6lkcot0je261yeiv8nmdp0s ', '32lcjrypyw3ll59xdm8i2p0ffl9ktxgoucfa54pobos66g37ui', 'q3kh 6y0te7qor1emx9gy2ld05 aoq', 'u7v8rtex9ox7kjj0go4anhehp4crcq');

insert into roba (sifra_robe, sifra_magacina, interna_sifra_robe, naziv_robe, jedinica_mere_robe, komada_u_setu, tezina_robe, kvalitet_robe, cena_evri, cena_roni) values ('upno3jmba1 i13dbx1ulhr38iqyi4dc194v6881lc7m8cyneqtd915dx221dumfnjcfhd8hp120', 'a0may', 'mt0i6klwuiwumo9lp4m9', '2u9egqbfua3ro6885jjrkh hfqn0b9repgokb9h1alpy773kmoixhvtdbvetr0ql7s8dxs7domkbbvovx5vpb7jli71kra nxxve', 'ini0 49q6x', 10, 18, 'r8oq88cks 4dcdtnt043et5ckr4uhhvi40e6dj627fxwv1ems4', 16, 19);

insert into roba (sifra_robe, sifra_magacina, interna_sifra_robe, naziv_robe, jedinica_mere_robe, komada_u_setu, tezina_robe, kvalitet_robe, cena_evri, cena_roni) values ('fcdc2iq7b4ykj55nvubd50pj6ahhbin6583dobwkli1ac3bavtoqyhxabssudbh 15t0trobi15', 'oq3vu', '5 p64vmnksghyehiivxh', 'o66fefm954f0pavh2ri66kexex41rg7w55h9djmuts3 5uldsqfa 44aup0c68pstbg61v3pilp0yxv3i79a6hlo9duc3ommaaok', 'orj2hyso 1', 1, 2, '93j1k3uhmwbawo2q5wkunhsd74tx411rvn4oh0trew3c0 8s5h', 13, 6);

insert into roba (sifra_robe, sifra_magacina, interna_sifra_robe, naziv_robe, jedinica_mere_robe, komada_u_setu, tezina_robe, kvalitet_robe, cena_evri, cena_roni) values ('htq74xfufrc6gsqvnvle2gb3q5 y7aj1elhw96gulai0m yc70 nve1gdjm pnx7ge9ugfmloid', 'a0may', '444hso98343kq16a8rvv', 'dqb7f7jec2c1b7aohp1rwi1x3hxm5g21wudes57n39d8cl0466ew0lb74tfm18scnc5wvxkfiu6eo89e2rf1u2qds9p8lu9b6ra1', 'c6mmkxmigp', 12, 15, 'gdef2h6qcq3q87bu26thisbjq38macxk9rq4ld9l6j880mbyue', 3, 15);

insert into roba (sifra_robe, sifra_magacina, interna_sifra_robe, naziv_robe, jedinica_mere_robe, komada_u_setu, tezina_robe, kvalitet_robe, cena_evri, cena_roni) values ('c71fs56o jkk9 1vf3147h8i b7sxdixlcq0mfvff468sysicfl2ei48k7nqnpjmh iq78qgiba', '364fj', 'xisykni7m9uvco5 tttm', 'yvsiekpwks4jgpoup9ju7r4kjg92m16sea9w5lpq6xym9lhnyda4ynshk7srkj2tibppnipkr6fyvjwdyjvx8smig04r8 xco346', 'nwmg6h6cql', 3, 11, 'cjylhsraehxla0q2rfyj8pjw8q55rehkjyb58q4710wlbs3pex', 19, 8);

insert into roba (sifra_robe, sifra_magacina, interna_sifra_robe, naziv_robe, jedinica_mere_robe, komada_u_setu, tezina_robe, kvalitet_robe, cena_evri, cena_roni) values ('eaw5r7i1q4vcxcaiddx0j7ufjt0lj5phetqlfvys5k6aoci9jomi7cf8ikig0ml0ofoqto6ycvc', 'ivmfi', '49uy 7bikdkn6rhalc03', 'ab0ql gy7ytn4ue4pacr svmajiddksr2dp7ynb9prvrv6aplrf2ycv ysdg0n92ggon7gfkf5klpe7un84w9e9o0pvw26ctgtkc', 'yfq66qtapp', 5, 7, 'wxqs37 el sowe9n0pj1p15u2k s7sa5m8yc3er8f jo4o4o69', 18, 1);

insert into roba (sifra_robe, sifra_magacina, interna_sifra_robe, naziv_robe, jedinica_mere_robe, komada_u_setu, tezina_robe, kvalitet_robe, cena_evri, cena_roni) values ('j05j181mppw1cnlugpn3vo27fr9c7e1kr3mwkct2jo9pr3t8u d3mvh3kprfxf 9vj5v9xac 97', 'laumt', '9pmgpyxm46v29h8t5v29', 'wxll6ijx2fbi7 k3awnhfdh21jbpnew7a8kkfjd7qk2qi6r7dokh3yhlui wq11kcucnvxs09v4bpqlf4ejgbbs0opx6n 4q41he', 'vyvk98iq7u', 16, 17, 'dy55bxoffpgdvu4nltyu6ukshxvitrgmil8w6b8wv5m005ausv', 7, 5);

insert into roba (sifra_robe, sifra_magacina, interna_sifra_robe, naziv_robe, jedinica_mere_robe, komada_u_setu, tezina_robe, kvalitet_robe, cena_evri, cena_roni) values ('a9x5c3sa8irhdbio46kk7uiei8xn5a3 f5cd1sjd0fvoexnw o jexpkn7h frg6jhi6iq8xl s', 'ivmfi', '18kksmndqnpc74uqv28c', 'un w9prsiumb3sq597k37flocn43mytnc501fbis3664tfocmppf3wkl8uprwmf9u8maeu578rervs12ncw626tecvfe20rcb3f6', 'pcsy10i2vm', 15, 1, '3m9frht63fxengc6li41yg5xew5t c39e8tusy f5evnr8h2fq', 2, 11);

insert into roba (sifra_robe, sifra_magacina, interna_sifra_robe, naziv_robe, jedinica_mere_robe, komada_u_setu, tezina_robe, kvalitet_robe, cena_evri, cena_roni) values ('mqt3qbpvi5ee5wklbhw2ssxm55tbp2c3rakdy6ch31sc3ocfksd6a5uyup3uv5efg9whmf71pyq', 'bswxg', '2pq g7a3ifn547ix50r7', ' bs 625pvbwh52l5valn8ckfayf4cfstwqrbpx57ibkxf63va5e2yb7to8f  7u2yxrh6lt4e0mu9feg4k j2a7bfjyitwjd pny', 'cbkedov5a7', 17, 19, 'ep6hb2yqlb4q8xdihjg2np2srcnhuqfmxn5apr1kdqocbyxsjn', 11, 14);

insert into roba (sifra_robe, sifra_magacina, interna_sifra_robe, naziv_robe, jedinica_mere_robe, komada_u_setu, tezina_robe, kvalitet_robe, cena_evri, cena_roni) values ('ts694h70mie6sn6ue hog 2r1cqmvp01n cnuurqqn2lewwe2 ddvif430ikbeon8uxjt8wqddg', 'a0may', '861r9bdd2lmq5cxy57wf', 'frgyahyu2ybq8ag4r467tfke0cjwtqpdvh2vwtpqrbg4gx5 m2kj1d0h8sdfdkegf9gp xbhqh8sq2piwujyesetmxadjrh7i 7y', 'qssjd8f1ci', 19, 10, 'kkvbadkwahnvwnjta3 cvwbumhmlnr80 3wnvc dpibakrpvxy', 6, 4);

insert into roba (sifra_robe, sifra_magacina, interna_sifra_robe, naziv_robe, jedinica_mere_robe, komada_u_setu, tezina_robe, kvalitet_robe, cena_evri, cena_roni) values ('e5sdbhayce3f9c  oo nqfygm9799xqnkfhibrm61rrahw137ehwjoa86g7qsd6kom e7n7pnsd', 'lwgej', 'f3lxtivnqsgyuwasbxc7', 'eoi4ysqi 3069i3q8y2j tbvao0o6xoqxsayx1yn6eao0k vv3o0jwcnlld3vs2ugwwcodlca71uwxr0pb5o22x4gs3wpo9qvnyw', '1 28koghe9', 7, 0, '29ak11yes8kjf1n9aad8jixrn s9s3iy67kwxer6pg8mvughwx', 8, 7);

insert into roba (sifra_robe, sifra_magacina, interna_sifra_robe, naziv_robe, jedinica_mere_robe, komada_u_setu, tezina_robe, kvalitet_robe, cena_evri, cena_roni) values ('nchbn6vxphx7c8pklu3lt16ag1bm2 aqbibd63j7n6ojoecjb868wkj7e kvgi2jgs660aw5jdw', '8p8qt', '2jf3tvardpq591ninuua', 're6bdpym8xrd4mo8wnhdyb5m740i4f9c93y h 45v82ylxqgw97448p j0sy4nyisv0co uq7 kal249g20r4h6vaovgwlfgii76', 'oknutv3s2a', 13, 6, 'v3ip an3duwdgyrylj6o2vlysx16c6vg 9 1 2ovqnwb9tmgrm', 5, 3);

insert into roba (sifra_robe, sifra_magacina, interna_sifra_robe, naziv_robe, jedinica_mere_robe, komada_u_setu, tezina_robe, kvalitet_robe, cena_evri, cena_roni) values ('hv p9ou2r u7i7bmc b2eh6c5angfiy7mcx8uqrva33pv3kcuf86u3um1vprpxym cuc7u65a08', 'lwgej', '2ppys8il8n6859ram1y9', '5lpu4pxomstugioa0vc9nwb4hged375s0mm11dl06q8eckog158dcqyowbtmrl99fqq3 9ttwfwd5idkdy4jksfi85xo8pp7nkix', '6u52hdqihp', 2, 9, 'q6 evlur8iclkwukr72ybsq6h7eastync0ok9emwhugxog58ij', 10, 2);

insert into roba (sifra_robe, sifra_magacina, interna_sifra_robe, naziv_robe, jedinica_mere_robe, komada_u_setu, tezina_robe, kvalitet_robe, cena_evri, cena_roni) values ('nunc2meobaa2d1gqdghms u0h8mi1nbtjxogn8bqi2cahshmx46btgmb4q 86oc13h9tisa5per', 'oq3vu', 'pa85ebwynbg4nftny0iw', 'e4lcbcrcc2sn8vm95 5nlxa7tyh0wmnmd6pg3u 2ydtcvbl6bo9t5en1b5cnha5efwqpw6 fk 2 nq63ynqc1b641ktqowcmnb28', 'qo3k2s7wm0', 18, 4, 'csghve2wgykbmiiua5ukrgn ra8g4tl4188n2mw0xflerkj01s', 0, 0);

insert into roba (sifra_robe, sifra_magacina, interna_sifra_robe, naziv_robe, jedinica_mere_robe, komada_u_setu, tezina_robe, kvalitet_robe, cena_evri, cena_roni) values ('5d88u127kfl8dtd43r37svtsklnbbyfee tnnei32s31e3rgwg ujn3xxco3cc7c tclvomnmnx', 'ivmfi', 'j3npghl3uibiiqojj6v ', 'eijgas0ktbs e1caja6lvt8muprvpssxcymdr7uor95yjgmatvdq7 n9cs9uq2u9hgkk5xinvpaatuto6hn  i 8m8 cfcxdlyxh', 's9t0 30yfj', 8, 12, 'wfk caanefie9lcw49ul ph4rmvhij61 grfys6yr0jdgajauc', 12, 9);

insert into roba (sifra_robe, sifra_magacina, interna_sifra_robe, naziv_robe, jedinica_mere_robe, komada_u_setu, tezina_robe, kvalitet_robe, cena_evri, cena_roni) values ('4akdtokwxj2gnct56wyp0xu1m0mf 89mfktn5kuqxkww4ehptdyr2jmj48 wg3g lfivuwku44y', '4dnbh', 'kkb4vsgoxyvpvkvfu5kv', '45ueklef5l2fxg8yn9vt1 cf07i4i6kvxfcjat4x2i87d2nd8hr 4u187oux1wmicpdaj88kkt 9xgn68wwacn14b50x3ojemf1m', 'jig7x2baa8', 6, 5, '7i4wpe7p ea3xd cn4p8ly412lx7vud6rvw2ajflowj l52v2u', 14, 16);

insert into roba (sifra_robe, sifra_magacina, interna_sifra_robe, naziv_robe, jedinica_mere_robe, komada_u_setu, tezina_robe, kvalitet_robe, cena_evri, cena_roni) values ('bwsgd3tg5g57v6dlxogj94ra9f5myid krfamuvojfc8hsv89msc693xytxc8x4wcrc4drxthgu', 'vhjvh', 'icyvochlpv9s2up2u2ov', 'thv863plxpbeoj8y9 lj5etxl2 pmb71n9f 0cnsur a7xlwdh942pubhgypnmltn0k1o t44i97xyjobkunxmh8p6qvmwmue8ar', '87ygx2k67e', 11, 8, 'iwogkge97 nu13kongwp492vn6imn0dr5vo0gef2my8ienabhv', 17, 12);

insert into roba (sifra_robe, sifra_magacina, interna_sifra_robe, naziv_robe, jedinica_mere_robe, komada_u_setu, tezina_robe, kvalitet_robe, cena_evri, cena_roni) values ('s8mwskgrbr j4050m6ysia9qnv8x6idgld574gp3ch5 mavdxt0jqxwy0sfl  98tio96f4rwac', 'vhjvh', '95mo jcereaxj4j7tjyx', 'avyh8q3pgwehpof457xeahusy5jmj7soj8mhp3mf0ic771flnw489j38ltdcq8mgmn6c48d9av8chwhcxisrobn5 oxvpelya8rx', '03ly0stljx', 14, 16, '9 b soub1 fwgh5tt6h5j1a1 1al1idt5cb3 33ojcfrrxs0ce', 9, 18);

insert into roba (sifra_robe, sifra_magacina, interna_sifra_robe, naziv_robe, jedinica_mere_robe, komada_u_setu, tezina_robe, kvalitet_robe, cena_evri, cena_roni) values ('uaqo26g74jqkix7d6m8gd6s85wvst fwbw0mdwwiyv2h2oosoefl5ymnn920i2m06ctwo3bn4p5', 'c8sdd', 'ysuj53pag68bvl80ywja', '1m07ihr39ckr cfrouvl7 rp5tr5se7t2oneibf99evgc0bjcxftpc91vej7x 97vpk6jogdbxx51kk6vd97nujnn1if1bdy3wb0', 'drmmjkbi91', 9, 3, 'j6om1vaeupjh0gcop4c968hnv27i6hl0v1apkpmli1 utlntbp', 15, 10);

insert into roba (sifra_robe, sifra_magacina, interna_sifra_robe, naziv_robe, jedinica_mere_robe, komada_u_setu, tezina_robe, kvalitet_robe, cena_evri, cena_roni) values ('4g119poom2xyj5a9f97ylwjp5lca3e357mbn2jx0qse bp jwm0xcjd56sqs6536trd6c4jcf49', 'xf441', 'inqn7drlyiyew9sxwh8g', 'fbxj7siqph1bfumbkuk1aina  rjhfuildmlrqp7gmbc9v1um90bnh5e44h6rb9gwe40ubutyau8m09nhbdanjiif6coph0ttcuu', 'wygg093l4u', 0, 14, '4roj9ucea17uv9 idjaiffyq5j4pyfap2jvwepoh1ohekbnhgs', 4, 17);

insert into roba (sifra_robe, sifra_magacina, interna_sifra_robe, naziv_robe, jedinica_mere_robe, komada_u_setu, tezina_robe, kvalitet_robe, cena_evri, cena_roni) values ('h43hynaliswtj45u7wft594ksy1 if viynvf45j 7du4dqvd6yc046s0ljt9si5kif9s2733l2', 'c8sdd', 'xl2m3oxfyhawuqo0shn7', 'e5kvd5unsmercoxe66ilc2wi4suo9kxwcosxfbaw2 tcxepq7t7qt1kutyp9qvbmn7ome8wxub5qi k1pqw5fthfoow09dp3a0rs', '0iagxqqrqo', 4, 13, 'ft7o54b xw3424h x6dy 9 3g428w1kk0wh0cpa02y fc16wp ', 1, 13);

insert into porudzbina (sifra_porudzbine, sifra_magacina, korisnicko_ime, sifra_kupca, datum_isporuke) values ('ahsxxowi2yuclyur79ld', 'a0may', 'rj5yq41xajy86d6l 28i', '  1', '1484-7-1');

insert into porudzbina (sifra_porudzbine, sifra_magacina, korisnicko_ime, sifra_kupca, datum_isporuke) values ('fb5xooqqqi7sla191y26', '4 fle', 'qeq2d8wxnxyeg 8a4eeb', '  h', '158-3-15');

insert into porudzbina (sifra_porudzbine, sifra_magacina, korisnicko_ime, sifra_kupca, datum_isporuke) values ('19hyyram4swmde1y9eh4', 'ivmfi', '5mrmy7mq9q2b5 y0bedr', '  f', '1944-12-12');

insert into porudzbina (sifra_porudzbine, sifra_magacina, korisnicko_ime, sifra_kupca, datum_isporuke) values ('o135c8g73bbd9kx180ts', 'bswxg', '5s 2p tvujrfevi2pdk8', '  b', '568-9-4');

insert into porudzbina (sifra_porudzbine, sifra_magacina, korisnicko_ime, sifra_kupca, datum_isporuke) values ('ebyem3n3b0gcineim9hl', 'vhjvh', 'f40r2hjlgtx5fbhmg52a', '  9', '67-10-16');

insert into porudzbina (sifra_porudzbine, sifra_magacina, korisnicko_ime, sifra_kupca, datum_isporuke) values ('p5xgq2mljja 5qc42xpl', 'u5j87', 'f40r2hjlgtx5fbhmg52a', '  8', '1862-12-16');

insert into porudzbina (sifra_porudzbine, sifra_magacina, korisnicko_ime, sifra_kupca, datum_isporuke) values ('e7ph5uvuk7wh14yji17u', 'u5j87', '63tfayc9 qlyscdg091s', '  b', '446-4-9');

insert into porudzbina (sifra_porudzbine, sifra_magacina, korisnicko_ime, sifra_kupca, datum_isporuke) values ('ljaljuye5smd2mku3h v', '4 fle', '6w4hb6e441posshvdhp5', '  6', '742-2-18');

insert into porudzbina (sifra_porudzbine, sifra_magacina, korisnicko_ime, sifra_kupca, datum_isporuke) values ('dto1se9clio4lm9lqby1', '5enqh', 'gg3pbtst8ko4rkhg1rwi', '  f', '1347-10-26');

insert into porudzbina (sifra_porudzbine, sifra_magacina, korisnicko_ime, sifra_kupca, datum_isporuke) values ('u2n tumuax2y7r6m8jf9', 'oq3vu', 'bc9bhh3ew5f87l32 t25', '  9', '306-11-21');

insert into porudzbina (sifra_porudzbine, sifra_magacina, korisnicko_ime, sifra_kupca, datum_isporuke) values ('4i9x9sep ssvohsnaat2', 'laumt', 'qeq2d8wxnxyeg 8a4eeb', '  9', '1244-2-7');

insert into porudzbina (sifra_porudzbine, sifra_magacina, korisnicko_ime, sifra_kupca, datum_isporuke) values ('8w63cjxp4gwb5yiwxio7', 'bswxg', 'rj5yq41xajy86d6l 28i', '  4', '1139-7-11');

insert into porudzbina (sifra_porudzbine, sifra_magacina, korisnicko_ime, sifra_kupca, datum_isporuke) values ('hq52m6s84c97yj8y0ouy', 'xekfx', 'rj5yq41xajy86d6l 28i', '  c', '1722-5-27');

insert into porudzbina (sifra_porudzbine, sifra_magacina, korisnicko_ime, sifra_kupca, datum_isporuke) values ('rjt8vm8wcmt5kk3rarb9', '4dnbh', 'vuvgw8em94op1srmayj4', '  7', '661-7-20');

insert into porudzbina (sifra_porudzbine, sifra_magacina, korisnicko_ime, sifra_kupca, datum_isporuke) values ('y9g73cttii26xi6df9iv', '8p8qt', '3vh e7 s1cp  mmcuko8', '  5', '885-7-17');

insert into porudzbina (sifra_porudzbine, sifra_magacina, korisnicko_ime, sifra_kupca, datum_isporuke) values ('vae5inves4myh844o9dp', '4dnbh', 'tju15wsat2i9yq2r vtr', '   ', '1-1-1');

insert into porudzbina (sifra_porudzbine, sifra_magacina, korisnicko_ime, sifra_kupca, datum_isporuke) values ('6a b1lpr2hqxd8pio52i', '44ugy', 'n1pai8ixjqnjpn7ys6mj', '  5', '2002-10-30');

insert into porudzbina (sifra_porudzbine, sifra_magacina, korisnicko_ime, sifra_kupca, datum_isporuke) values ('opx3ga83dn48d9ci bx0', 'ivmfi', 'n1pai8ixjqnjpn7ys6mj', '  6', '1632-10-30');

insert into porudzbina (sifra_porudzbine, sifra_magacina, korisnicko_ime, sifra_kupca, datum_isporuke) values (' ujd8hu7f8is6948lg5j', '6nldx', '63tfayc9 qlyscdg091s', '   ', '1025-1-3');

insert into porudzbina (sifra_porudzbine, sifra_magacina, korisnicko_ime, sifra_kupca, datum_isporuke) values ('ca1ogf505o6ihqvnfhou', '44ugy', '6w4hb6e441posshvdhp5', '  c', '1484-7-1');

insert into faktura (sifra_fakture, korisnicko_ime, sifra_kupca, datum_fakture, paritet_fakture, bruto_fakture, neto_fakture, ukupno_komada_robe) values ('9xkwm0oani8hvvt49xlo', 'j5obbnr rhxyrt vh3xv', '  6', '1326-10-1', '645j2cgyji4gj712695lkyvjx', 17, 6, 13);

insert into faktura (sifra_fakture, korisnicko_ime, sifra_kupca, datum_fakture, paritet_fakture, bruto_fakture, neto_fakture, ukupno_komada_robe) values ('jq0w9h3jiwv057ismtsy', 'pbi7ixo 29mjdb0t9cva', '  c', '283-3-23', 'a6kkn0trrdl4dksbfdbyij57y', 15, 15, 6);

insert into faktura (sifra_fakture, korisnicko_ime, sifra_kupca, datum_fakture, paritet_fakture, bruto_fakture, neto_fakture, ukupno_komada_robe) values ('v6anf4q9qbolwvm9n1f8', '8ttypvpq1xrh9kea4bej', '   ', '774-9-3', ' gcgjqloh ayoyw1l 74oook5', 10, 14, 1);

insert into faktura (sifra_fakture, korisnicko_ime, sifra_kupca, datum_fakture, paritet_fakture, bruto_fakture, neto_fakture, ukupno_komada_robe) values ('psb0d73cws8lx7y6lnm4', '5mrmy7mq9q2b5 y0bedr', '  h', '1-1-1', '2f2yodp8j4 xvow3xubh1grlk', 5, 18, 5);

insert into faktura (sifra_fakture, korisnicko_ime, sifra_kupca, datum_fakture, paritet_fakture, bruto_fakture, neto_fakture, ukupno_komada_robe) values ('2wmnuhec567sktrwm359', '5mrmy7mq9q2b5 y0bedr', '  3', '1132-8-18', '0vd46fablb3jct4cmkdf4fw4g', 7, 0, 12);

insert into faktura (sifra_fakture, korisnicko_ime, sifra_kupca, datum_fakture, paritet_fakture, bruto_fakture, neto_fakture, ukupno_komada_robe) values ('qd647im3h99opqmik40e', 'pbi7ixo 29mjdb0t9cva', '  6', '189-7-21', 'ff9us4hddni3fmv4b3deounrq', 8, 8, 7);

insert into faktura (sifra_fakture, korisnicko_ime, sifra_kupca, datum_fakture, paritet_fakture, bruto_fakture, neto_fakture, ukupno_komada_robe) values ('e9prpg0e1q76c6v1ltbg', 'vuvgw8em94op1srmayj4', '  1', '1786-2-26', 'sib2c9kof8b8xy6vjnn2vks6q', 6, 19, 0);

insert into faktura (sifra_fakture, korisnicko_ime, sifra_kupca, datum_fakture, paritet_fakture, bruto_fakture, neto_fakture, ukupno_komada_robe) values ('62jchjhv8ja4ferqmh2p', 'n1pai8ixjqnjpn7ys6mj', '  9', '654-1-28', 'llnnq5ug6ntfi1rh102n3087k', 19, 2, 19);

insert into faktura (sifra_fakture, korisnicko_ime, sifra_kupca, datum_fakture, paritet_fakture, bruto_fakture, neto_fakture, ukupno_komada_robe) values ('4thus7odbotdlhl6k rh', '6va1ymcsmhri4eamse7u', '  d', '1654-12-14', 'hkvpj6ig87hm595bxv4bs6x8m', 13, 17, 16);

insert into faktura (sifra_fakture, korisnicko_ime, sifra_kupca, datum_fakture, paritet_fakture, bruto_fakture, neto_fakture, ukupno_komada_robe) values ('wv9toiyapw3mtur03m8l', '8ttypvpq1xrh9kea4bej', '  3', '1537-11-10', 'udo90crd8gkt 2s8kb5pvqn3n', 14, 12, 15);

insert into faktura (sifra_fakture, korisnicko_ime, sifra_kupca, datum_fakture, paritet_fakture, bruto_fakture, neto_fakture, ukupno_komada_robe) values ('1dfym5mpmcm2jg0a18g4', 'j5obbnr rhxyrt vh3xv', '  c', '432-4-16', 'il71pa18e e88ob9fybn970po', 4, 4, 2);

insert into faktura (sifra_fakture, korisnicko_ime, sifra_kupca, datum_fakture, paritet_fakture, bruto_fakture, neto_fakture, ukupno_komada_robe) values ('b0fgf2jf6y8ssy8e121 ', 'gg3pbtst8ko4rkhg1rwi', '  c', '601-9-11', 'x35x8a025bipy9eh1gw2 ha1h', 16, 9, 10);

insert into faktura (sifra_fakture, korisnicko_ime, sifra_kupca, datum_fakture, paritet_fakture, bruto_fakture, neto_fakture, ukupno_komada_robe) values ('ouug xxtr26wmfi1qh0x', 'bc9bhh3ew5f87l32 t25', '  e', '1402-3-23', 'eevj50gf6ncfqgrhtql7g1qq5', 18, 11, 8);

insert into faktura (sifra_fakture, korisnicko_ime, sifra_kupca, datum_fakture, paritet_fakture, bruto_fakture, neto_fakture, ukupno_komada_robe) values ('v0lk1bwvhedn6cwh19eb', 'f40r2hjlgtx5fbhmg52a', '  8', '953-8-21', '2xmakul3cn gg0vkxkswxwu2x', 2, 3, 17);

insert into faktura (sifra_fakture, korisnicko_ime, sifra_kupca, datum_fakture, paritet_fakture, bruto_fakture, neto_fakture, ukupno_komada_robe) values ('h9kbr0yruywcwub1p1sl', '5mrmy7mq9q2b5 y0bedr', '  9', '504-12-21', '2e0dqmxstv5twg2r50tk3afl1', 0, 16, 4);

insert into faktura (sifra_fakture, korisnicko_ime, sifra_kupca, datum_fakture, paritet_fakture, bruto_fakture, neto_fakture, ukupno_komada_robe) values ('jqctylyycn34buu3sylh', 'vuvgw8em94op1srmayj4', '  h', '116-7-9', '9d 6e1bn3e7e6t8m9sbl2ovwa', 1, 1, 11);

insert into faktura (sifra_fakture, korisnicko_ime, sifra_kupca, datum_fakture, paritet_fakture, bruto_fakture, neto_fakture, ukupno_komada_robe) values ('b1rkvtlv0lvupst5a2st', '6w4hb6e441posshvdhp5', '  g', '1263-2-3', 'bdvgo93yulqxg5u59s3jhh7l0', 12, 5, 18);

insert into faktura (sifra_fakture, korisnicko_ime, sifra_kupca, datum_fakture, paritet_fakture, bruto_fakture, neto_fakture, ukupno_komada_robe) values ('jjs7plt1mncn35mgcju9', 'f40r2hjlgtx5fbhmg52a', '  h', '1053-6-20', 'wt5vyau6fvxsl2d7d34kq qe0', 3, 7, 14);

insert into faktura (sifra_fakture, korisnicko_ime, sifra_kupca, datum_fakture, paritet_fakture, bruto_fakture, neto_fakture, ukupno_komada_robe) values ('o5svcpsut1ux3rd0l4 y', 'gg3pbtst8ko4rkhg1rwi', '  g', '878-9-7', 'lobs9 rur8cbo0st331b18kf8', 11, 13, 9);

insert into faktura (sifra_fakture, korisnicko_ime, sifra_kupca, datum_fakture, paritet_fakture, bruto_fakture, neto_fakture, ukupno_komada_robe) values ('4ta8lfb ryixrow1sugn', '6w4hb6e441posshvdhp5', '  7', '1467-10-16', 'eeec9s61cbaer723odb9ao6v3', 9, 10, 3);

insert into otpremnica (sifra_otpremnice, sifra_porudzbine, sifra_magacina, sifra_fakture, korisnicko_ime) values ('orbyc0nnr255wrj717yjceq8lo1cig', 'ljaljuye5smd2mku3h v', 'xf441', 'wv9toiyapw3mtur03m8l', '6va1ymcsmhri4eamse7u');

insert into otpremnica (sifra_otpremnice, sifra_porudzbine, sifra_magacina, sifra_fakture, korisnicko_ime) values ('mh00u265nafn7o0t i90atxlnyfi6 ', 'fb5xooqqqi7sla191y26', '364fj', 'ouug xxtr26wmfi1qh0x', '5mrmy7mq9q2b5 y0bedr');

insert into otpremnica (sifra_otpremnice, sifra_porudzbine, sifra_magacina, sifra_fakture, korisnicko_ime) values ('80hn9y0 dxlc1vwk8dm282906p9067', 'hq52m6s84c97yj8y0ouy', '364fj', 'v0lk1bwvhedn6cwh19eb', 'j5obbnr rhxyrt vh3xv');

insert into otpremnica (sifra_otpremnice, sifra_porudzbine, sifra_magacina, sifra_fakture, korisnicko_ime) values ('  iuv7hn0fyiap6cpm6rni9rwdikg ', 'ebyem3n3b0gcineim9hl', 'vhjvh', 'psb0d73cws8lx7y6lnm4', '5mrmy7mq9q2b5 y0bedr');

insert into otpremnica (sifra_otpremnice, sifra_porudzbine, sifra_magacina, sifra_fakture, korisnicko_ime) values ('379axfk26vm7ucotrertdof21cu7c8', 'dto1se9clio4lm9lqby1', 'laumt', 'wv9toiyapw3mtur03m8l', 'j5obbnr rhxyrt vh3xv');

insert into otpremnica (sifra_otpremnice, sifra_porudzbine, sifra_magacina, sifra_fakture, korisnicko_ime) values ('74utgsykhn77e4w5tl58t19 helret', 'ljaljuye5smd2mku3h v', '4 fle', 'v6anf4q9qbolwvm9n1f8', '5s 2p tvujrfevi2pdk8');

insert into otpremnica (sifra_otpremnice, sifra_porudzbine, sifra_magacina, sifra_fakture, korisnicko_ime) values (' 3q5i1of aq v2eyuw l4sba7vfthr', 'fb5xooqqqi7sla191y26', 'laumt', 'e9prpg0e1q76c6v1ltbg', '6va1ymcsmhri4eamse7u');

insert into otpremnica (sifra_otpremnice, sifra_porudzbine, sifra_magacina, sifra_fakture, korisnicko_ime) values ('jkmrcbkrn6cxklvkhmewltwrbjgu52', 'ebyem3n3b0gcineim9hl', 'laumt', 'b0fgf2jf6y8ssy8e121 ', 'qwv2imq6d5y5h9ilnctr');

insert into otpremnica (sifra_otpremnice, sifra_porudzbine, sifra_magacina, sifra_fakture, korisnicko_ime) values ('lwutd6jfukt383dicm302p7t ols6n', 'y9g73cttii26xi6df9iv', '8p8qt', 'b1rkvtlv0lvupst5a2st', 'bc9bhh3ew5f87l32 t25');

insert into otpremnica (sifra_otpremnice, sifra_porudzbine, sifra_magacina, sifra_fakture, korisnicko_ime) values ('lg7io 9ixrpu77rqoar a1b5iofti6', 'e7ph5uvuk7wh14yji17u', 'xekfx', 'jqctylyycn34buu3sylh', 'bc9bhh3ew5f87l32 t25');

insert into otpremnica (sifra_otpremnice, sifra_porudzbine, sifra_magacina, sifra_fakture, korisnicko_ime) values ('hcwu3pwj69c8rslk  8215wnkcg0l8', 'opx3ga83dn48d9ci bx0', 'bswxg', 'ouug xxtr26wmfi1qh0x', 'n1pai8ixjqnjpn7ys6mj');

insert into otpremnica (sifra_otpremnice, sifra_porudzbine, sifra_magacina, sifra_fakture, korisnicko_ime) values ('4q97dmbc5w08q66cbasawhjdau2r0 ', 'rjt8vm8wcmt5kk3rarb9', 'xf441', 'ouug xxtr26wmfi1qh0x', 'qeq2d8wxnxyeg 8a4eeb');

insert into otpremnica (sifra_otpremnice, sifra_porudzbine, sifra_magacina, sifra_fakture, korisnicko_ime) values ('as6lhufof3nmff6ie8gi1fpqypkn00', 'u2n tumuax2y7r6m8jf9', '6vaes', 'b1rkvtlv0lvupst5a2st', 'qeq2d8wxnxyeg 8a4eeb');

insert into otpremnica (sifra_otpremnice, sifra_porudzbine, sifra_magacina, sifra_fakture, korisnicko_ime) values ('d9q3 xw6pgdfb8360pd0ofgfthg1f4', 'p5xgq2mljja 5qc42xpl', 'u5j87', '1dfym5mpmcm2jg0a18g4', 'rj5yq41xajy86d6l 28i');

insert into otpremnica (sifra_otpremnice, sifra_porudzbine, sifra_magacina, sifra_fakture, korisnicko_ime) values ('h3x2ikmw7cxwhkpak3lqfxb7pklyjx', 'vae5inves4myh844o9dp', 'xf441', 'h9kbr0yruywcwub1p1sl', 'gg3pbtst8ko4rkhg1rwi');

insert into otpremnica (sifra_otpremnice, sifra_porudzbine, sifra_magacina, sifra_fakture, korisnicko_ime) values ('bci954ofqq s2kii1db2j494e3dfi ', '19hyyram4swmde1y9eh4', '6nldx', '62jchjhv8ja4ferqmh2p', 'hd9875an07msj9fkwgdp');

insert into otpremnica (sifra_otpremnice, sifra_porudzbine, sifra_magacina, sifra_fakture, korisnicko_ime) values ('7t9e 0oqnlnos84gk265n9ku flcuw', '4i9x9sep ssvohsnaat2', 'xekfx', '4thus7odbotdlhl6k rh', 'rj5yq41xajy86d6l 28i');

insert into otpremnica (sifra_otpremnice, sifra_porudzbine, sifra_magacina, sifra_fakture, korisnicko_ime) values ('8truxhp7dp8ud0 od4aso8v5lk6h79', 'ljaljuye5smd2mku3h v', '4dnbh', 'v6anf4q9qbolwvm9n1f8', 'qwv2imq6d5y5h9ilnctr');

insert into otpremnica (sifra_otpremnice, sifra_porudzbine, sifra_magacina, sifra_fakture, korisnicko_ime) values ('j3ka11pqex6cpqk1xg7ok1od5hmarp', 'ebyem3n3b0gcineim9hl', '5enqh', '4thus7odbotdlhl6k rh', '6va1ymcsmhri4eamse7u');

insert into otpremnica (sifra_otpremnice, sifra_porudzbine, sifra_magacina, sifra_fakture, korisnicko_ime) values ('86qhgr43mdpj7jokh3u25qty2ak7xq', 'fb5xooqqqi7sla191y26', 'xf441', 'h9kbr0yruywcwub1p1sl', 'f40r2hjlgtx5fbhmg52a');

insert into narucena_roba (sifra_robe, sifra_porudzbine, komada_naruceno, komada_poslato, komada_ostalo) values ('upno3jmba1 i13dbx1ulhr38iqyi4dc194v6881lc7m8cyneqtd915dx221dumfnjcfhd8hp120', 'ahsxxowi2yuclyur79ld', 0, 1, 3);

insert into narucena_roba (sifra_robe, sifra_porudzbine, komada_naruceno, komada_poslato, komada_ostalo) values ('fcdc2iq7b4ykj55nvubd50pj6ahhbin6583dobwkli1ac3bavtoqyhxabssudbh 15t0trobi15', 'fb5xooqqqi7sla191y26', 19, 8, 2);

insert into narucena_roba (sifra_robe, sifra_porudzbine, komada_naruceno, komada_poslato, komada_ostalo) values ('htq74xfufrc6gsqvnvle2gb3q5 y7aj1elhw96gulai0m yc70 nve1gdjm pnx7ge9ugfmloid', '19hyyram4swmde1y9eh4', 17, 0, 6);

insert into narucena_roba (sifra_robe, sifra_porudzbine, komada_naruceno, komada_poslato, komada_ostalo) values ('c71fs56o jkk9 1vf3147h8i b7sxdixlcq0mfvff468sysicfl2ei48k7nqnpjmh iq78qgiba', 'o135c8g73bbd9kx180ts', 10, 18, 19);

insert into narucena_roba (sifra_robe, sifra_porudzbine, komada_naruceno, komada_poslato, komada_ostalo) values ('eaw5r7i1q4vcxcaiddx0j7ufjt0lj5phetqlfvys5k6aoci9jomi7cf8ikig0ml0ofoqto6ycvc', 'ebyem3n3b0gcineim9hl', 7, 2, 14);

insert into narucena_roba (sifra_robe, sifra_porudzbine, komada_naruceno, komada_poslato, komada_ostalo) values ('j05j181mppw1cnlugpn3vo27fr9c7e1kr3mwkct2jo9pr3t8u d3mvh3kprfxf 9vj5v9xac 97', 'p5xgq2mljja 5qc42xpl', 13, 16, 9);

insert into narucena_roba (sifra_robe, sifra_porudzbine, komada_naruceno, komada_poslato, komada_ostalo) values ('a9x5c3sa8irhdbio46kk7uiei8xn5a3 f5cd1sjd0fvoexnw o jexpkn7h frg6jhi6iq8xl s', 'e7ph5uvuk7wh14yji17u', 14, 17, 15);

insert into narucena_roba (sifra_robe, sifra_porudzbine, komada_naruceno, komada_poslato, komada_ostalo) values ('mqt3qbpvi5ee5wklbhw2ssxm55tbp2c3rakdy6ch31sc3ocfksd6a5uyup3uv5efg9whmf71pyq', 'ljaljuye5smd2mku3h v', 11, 4, 11);

insert into narucena_roba (sifra_robe, sifra_porudzbine, komada_naruceno, komada_poslato, komada_ostalo) values ('ts694h70mie6sn6ue hog 2r1cqmvp01n cnuurqqn2lewwe2 ddvif430ikbeon8uxjt8wqddg', 'dto1se9clio4lm9lqby1', 15, 9, 5);

insert into narucena_roba (sifra_robe, sifra_porudzbine, komada_naruceno, komada_poslato, komada_ostalo) values ('e5sdbhayce3f9c  oo nqfygm9799xqnkfhibrm61rrahw137ehwjoa86g7qsd6kom e7n7pnsd', 'u2n tumuax2y7r6m8jf9', 12, 6, 1);

insert into narucena_roba (sifra_robe, sifra_porudzbine, komada_naruceno, komada_poslato, komada_ostalo) values ('nchbn6vxphx7c8pklu3lt16ag1bm2 aqbibd63j7n6ojoecjb868wkj7e kvgi2jgs660aw5jdw', '4i9x9sep ssvohsnaat2', 1, 11, 8);

insert into narucena_roba (sifra_robe, sifra_porudzbine, komada_naruceno, komada_poslato, komada_ostalo) values ('hv p9ou2r u7i7bmc b2eh6c5angfiy7mcx8uqrva33pv3kcuf86u3um1vprpxym cuc7u65a08', '8w63cjxp4gwb5yiwxio7', 5, 13, 0);

insert into narucena_roba (sifra_robe, sifra_porudzbine, komada_naruceno, komada_poslato, komada_ostalo) values ('nunc2meobaa2d1gqdghms u0h8mi1nbtjxogn8bqi2cahshmx46btgmb4q 86oc13h9tisa5per', 'hq52m6s84c97yj8y0ouy', 2, 15, 10);

insert into narucena_roba (sifra_robe, sifra_porudzbine, komada_naruceno, komada_poslato, komada_ostalo) values ('5d88u127kfl8dtd43r37svtsklnbbyfee tnnei32s31e3rgwg ujn3xxco3cc7c tclvomnmnx', 'rjt8vm8wcmt5kk3rarb9', 18, 14, 12);

insert into narucena_roba (sifra_robe, sifra_porudzbine, komada_naruceno, komada_poslato, komada_ostalo) values ('4akdtokwxj2gnct56wyp0xu1m0mf 89mfktn5kuqxkww4ehptdyr2jmj48 wg3g lfivuwku44y', 'y9g73cttii26xi6df9iv', 8, 19, 17);

insert into narucena_roba (sifra_robe, sifra_porudzbine, komada_naruceno, komada_poslato, komada_ostalo) values ('bwsgd3tg5g57v6dlxogj94ra9f5myid krfamuvojfc8hsv89msc693xytxc8x4wcrc4drxthgu', 'vae5inves4myh844o9dp', 9, 12, 13);

insert into narucena_roba (sifra_robe, sifra_porudzbine, komada_naruceno, komada_poslato, komada_ostalo) values ('s8mwskgrbr j4050m6ysia9qnv8x6idgld574gp3ch5 mavdxt0jqxwy0sfl  98tio96f4rwac', '6a b1lpr2hqxd8pio52i', 16, 3, 4);

insert into narucena_roba (sifra_robe, sifra_porudzbine, komada_naruceno, komada_poslato, komada_ostalo) values ('uaqo26g74jqkix7d6m8gd6s85wvst fwbw0mdwwiyv2h2oosoefl5ymnn920i2m06ctwo3bn4p5', 'opx3ga83dn48d9ci bx0', 4, 7, 18);

insert into narucena_roba (sifra_robe, sifra_porudzbine, komada_naruceno, komada_poslato, komada_ostalo) values ('4g119poom2xyj5a9f97ylwjp5lca3e357mbn2jx0qse bp jwm0xcjd56sqs6536trd6c4jcf49', ' ujd8hu7f8is6948lg5j', 3, 10, 7);

insert into narucena_roba (sifra_robe, sifra_porudzbine, komada_naruceno, komada_poslato, komada_ostalo) values ('h43hynaliswtj45u7wft594ksy1 if viynvf45j 7du4dqvd6yc046s0ljt9si5kif9s2733l2', 'ca1ogf505o6ihqvnfhou', 6, 5, 16);

insert into fakturisana_roba (sifra_robe, sifra_fakture, komada_fakturisano) values ('upno3jmba1 i13dbx1ulhr38iqyi4dc194v6881lc7m8cyneqtd915dx221dumfnjcfhd8hp120', '9xkwm0oani8hvvt49xlo', 5);

insert into fakturisana_roba (sifra_robe, sifra_fakture, komada_fakturisano) values ('fcdc2iq7b4ykj55nvubd50pj6ahhbin6583dobwkli1ac3bavtoqyhxabssudbh 15t0trobi15', 'jq0w9h3jiwv057ismtsy', 0);

insert into fakturisana_roba (sifra_robe, sifra_fakture, komada_fakturisano) values ('htq74xfufrc6gsqvnvle2gb3q5 y7aj1elhw96gulai0m yc70 nve1gdjm pnx7ge9ugfmloid', 'v6anf4q9qbolwvm9n1f8', 18);

insert into fakturisana_roba (sifra_robe, sifra_fakture, komada_fakturisano) values ('c71fs56o jkk9 1vf3147h8i b7sxdixlcq0mfvff468sysicfl2ei48k7nqnpjmh iq78qgiba', 'psb0d73cws8lx7y6lnm4', 15);

insert into fakturisana_roba (sifra_robe, sifra_fakture, komada_fakturisano) values ('eaw5r7i1q4vcxcaiddx0j7ufjt0lj5phetqlfvys5k6aoci9jomi7cf8ikig0ml0ofoqto6ycvc', '2wmnuhec567sktrwm359', 6);

insert into fakturisana_roba (sifra_robe, sifra_fakture, komada_fakturisano) values ('j05j181mppw1cnlugpn3vo27fr9c7e1kr3mwkct2jo9pr3t8u d3mvh3kprfxf 9vj5v9xac 97', 'qd647im3h99opqmik40e', 16);

insert into fakturisana_roba (sifra_robe, sifra_fakture, komada_fakturisano) values ('a9x5c3sa8irhdbio46kk7uiei8xn5a3 f5cd1sjd0fvoexnw o jexpkn7h frg6jhi6iq8xl s', 'e9prpg0e1q76c6v1ltbg', 2);

insert into fakturisana_roba (sifra_robe, sifra_fakture, komada_fakturisano) values ('mqt3qbpvi5ee5wklbhw2ssxm55tbp2c3rakdy6ch31sc3ocfksd6a5uyup3uv5efg9whmf71pyq', '62jchjhv8ja4ferqmh2p', 19);

insert into fakturisana_roba (sifra_robe, sifra_fakture, komada_fakturisano) values ('ts694h70mie6sn6ue hog 2r1cqmvp01n cnuurqqn2lewwe2 ddvif430ikbeon8uxjt8wqddg', '4thus7odbotdlhl6k rh', 4);

insert into fakturisana_roba (sifra_robe, sifra_fakture, komada_fakturisano) values ('e5sdbhayce3f9c  oo nqfygm9799xqnkfhibrm61rrahw137ehwjoa86g7qsd6kom e7n7pnsd', 'wv9toiyapw3mtur03m8l', 1);

insert into fakturisana_roba (sifra_robe, sifra_fakture, komada_fakturisano) values ('nchbn6vxphx7c8pklu3lt16ag1bm2 aqbibd63j7n6ojoecjb868wkj7e kvgi2jgs660aw5jdw', '1dfym5mpmcm2jg0a18g4', 12);

insert into fakturisana_roba (sifra_robe, sifra_fakture, komada_fakturisano) values ('hv p9ou2r u7i7bmc b2eh6c5angfiy7mcx8uqrva33pv3kcuf86u3um1vprpxym cuc7u65a08', 'b0fgf2jf6y8ssy8e121 ', 17);

insert into fakturisana_roba (sifra_robe, sifra_fakture, komada_fakturisano) values ('nunc2meobaa2d1gqdghms u0h8mi1nbtjxogn8bqi2cahshmx46btgmb4q 86oc13h9tisa5per', 'ouug xxtr26wmfi1qh0x', 7);

insert into fakturisana_roba (sifra_robe, sifra_fakture, komada_fakturisano) values ('5d88u127kfl8dtd43r37svtsklnbbyfee tnnei32s31e3rgwg ujn3xxco3cc7c tclvomnmnx', 'v0lk1bwvhedn6cwh19eb', 9);

insert into fakturisana_roba (sifra_robe, sifra_fakture, komada_fakturisano) values ('4akdtokwxj2gnct56wyp0xu1m0mf 89mfktn5kuqxkww4ehptdyr2jmj48 wg3g lfivuwku44y', 'h9kbr0yruywcwub1p1sl', 8);

insert into fakturisana_roba (sifra_robe, sifra_fakture, komada_fakturisano) values ('bwsgd3tg5g57v6dlxogj94ra9f5myid krfamuvojfc8hsv89msc693xytxc8x4wcrc4drxthgu', 'jqctylyycn34buu3sylh', 11);

insert into fakturisana_roba (sifra_robe, sifra_fakture, komada_fakturisano) values ('s8mwskgrbr j4050m6ysia9qnv8x6idgld574gp3ch5 mavdxt0jqxwy0sfl  98tio96f4rwac', 'b1rkvtlv0lvupst5a2st', 14);

insert into fakturisana_roba (sifra_robe, sifra_fakture, komada_fakturisano) values ('uaqo26g74jqkix7d6m8gd6s85wvst fwbw0mdwwiyv2h2oosoefl5ymnn920i2m06ctwo3bn4p5', 'jjs7plt1mncn35mgcju9', 13);

insert into fakturisana_roba (sifra_robe, sifra_fakture, komada_fakturisano) values ('4g119poom2xyj5a9f97ylwjp5lca3e357mbn2jx0qse bp jwm0xcjd56sqs6536trd6c4jcf49', 'o5svcpsut1ux3rd0l4 y', 3);

insert into fakturisana_roba (sifra_robe, sifra_fakture, komada_fakturisano) values ('h43hynaliswtj45u7wft594ksy1 if viynvf45j 7du4dqvd6yc046s0ljt9si5kif9s2733l2', '4ta8lfb ryixrow1sugn', 10);

insert into otpremljena_roba (sifra_robe, sifra_otpremnice, komada_poslato) values ('upno3jmba1 i13dbx1ulhr38iqyi4dc194v6881lc7m8cyneqtd915dx221dumfnjcfhd8hp120', 'orbyc0nnr255wrj717yjceq8lo1cig', 5);

insert into otpremljena_roba (sifra_robe, sifra_otpremnice, komada_poslato) values ('fcdc2iq7b4ykj55nvubd50pj6ahhbin6583dobwkli1ac3bavtoqyhxabssudbh 15t0trobi15', 'mh00u265nafn7o0t i90atxlnyfi6 ', 17);

insert into otpremljena_roba (sifra_robe, sifra_otpremnice, komada_poslato) values ('htq74xfufrc6gsqvnvle2gb3q5 y7aj1elhw96gulai0m yc70 nve1gdjm pnx7ge9ugfmloid', '80hn9y0 dxlc1vwk8dm282906p9067', 18);

insert into otpremljena_roba (sifra_robe, sifra_otpremnice, komada_poslato) values ('c71fs56o jkk9 1vf3147h8i b7sxdixlcq0mfvff468sysicfl2ei48k7nqnpjmh iq78qgiba', '  iuv7hn0fyiap6cpm6rni9rwdikg ', 3);

insert into otpremljena_roba (sifra_robe, sifra_otpremnice, komada_poslato) values ('eaw5r7i1q4vcxcaiddx0j7ufjt0lj5phetqlfvys5k6aoci9jomi7cf8ikig0ml0ofoqto6ycvc', '379axfk26vm7ucotrertdof21cu7c8', 16);

insert into otpremljena_roba (sifra_robe, sifra_otpremnice, komada_poslato) values ('j05j181mppw1cnlugpn3vo27fr9c7e1kr3mwkct2jo9pr3t8u d3mvh3kprfxf 9vj5v9xac 97', '74utgsykhn77e4w5tl58t19 helret', 13);

insert into otpremljena_roba (sifra_robe, sifra_otpremnice, komada_poslato) values ('a9x5c3sa8irhdbio46kk7uiei8xn5a3 f5cd1sjd0fvoexnw o jexpkn7h frg6jhi6iq8xl s', ' 3q5i1of aq v2eyuw l4sba7vfthr', 10);

insert into otpremljena_roba (sifra_robe, sifra_otpremnice, komada_poslato) values ('mqt3qbpvi5ee5wklbhw2ssxm55tbp2c3rakdy6ch31sc3ocfksd6a5uyup3uv5efg9whmf71pyq', 'jkmrcbkrn6cxklvkhmewltwrbjgu52', 6);

insert into otpremljena_roba (sifra_robe, sifra_otpremnice, komada_poslato) values ('ts694h70mie6sn6ue hog 2r1cqmvp01n cnuurqqn2lewwe2 ddvif430ikbeon8uxjt8wqddg', 'lwutd6jfukt383dicm302p7t ols6n', 2);

insert into otpremljena_roba (sifra_robe, sifra_otpremnice, komada_poslato) values ('e5sdbhayce3f9c  oo nqfygm9799xqnkfhibrm61rrahw137ehwjoa86g7qsd6kom e7n7pnsd', 'lg7io 9ixrpu77rqoar a1b5iofti6', 8);

insert into otpremljena_roba (sifra_robe, sifra_otpremnice, komada_poslato) values ('nchbn6vxphx7c8pklu3lt16ag1bm2 aqbibd63j7n6ojoecjb868wkj7e kvgi2jgs660aw5jdw', 'hcwu3pwj69c8rslk  8215wnkcg0l8', 19);

insert into otpremljena_roba (sifra_robe, sifra_otpremnice, komada_poslato) values ('hv p9ou2r u7i7bmc b2eh6c5angfiy7mcx8uqrva33pv3kcuf86u3um1vprpxym cuc7u65a08', '4q97dmbc5w08q66cbasawhjdau2r0 ', 11);

insert into otpremljena_roba (sifra_robe, sifra_otpremnice, komada_poslato) values ('nunc2meobaa2d1gqdghms u0h8mi1nbtjxogn8bqi2cahshmx46btgmb4q 86oc13h9tisa5per', 'as6lhufof3nmff6ie8gi1fpqypkn00', 7);

insert into otpremljena_roba (sifra_robe, sifra_otpremnice, komada_poslato) values ('5d88u127kfl8dtd43r37svtsklnbbyfee tnnei32s31e3rgwg ujn3xxco3cc7c tclvomnmnx', 'd9q3 xw6pgdfb8360pd0ofgfthg1f4', 9);

insert into otpremljena_roba (sifra_robe, sifra_otpremnice, komada_poslato) values ('4akdtokwxj2gnct56wyp0xu1m0mf 89mfktn5kuqxkww4ehptdyr2jmj48 wg3g lfivuwku44y', 'h3x2ikmw7cxwhkpak3lqfxb7pklyjx', 15);

insert into otpremljena_roba (sifra_robe, sifra_otpremnice, komada_poslato) values ('bwsgd3tg5g57v6dlxogj94ra9f5myid krfamuvojfc8hsv89msc693xytxc8x4wcrc4drxthgu', 'bci954ofqq s2kii1db2j494e3dfi ', 14);

insert into otpremljena_roba (sifra_robe, sifra_otpremnice, komada_poslato) values ('s8mwskgrbr j4050m6ysia9qnv8x6idgld574gp3ch5 mavdxt0jqxwy0sfl  98tio96f4rwac', '7t9e 0oqnlnos84gk265n9ku flcuw', 0);

insert into otpremljena_roba (sifra_robe, sifra_otpremnice, komada_poslato) values ('uaqo26g74jqkix7d6m8gd6s85wvst fwbw0mdwwiyv2h2oosoefl5ymnn920i2m06ctwo3bn4p5', '8truxhp7dp8ud0 od4aso8v5lk6h79', 12);

insert into otpremljena_roba (sifra_robe, sifra_otpremnice, komada_poslato) values ('4g119poom2xyj5a9f97ylwjp5lca3e357mbn2jx0qse bp jwm0xcjd56sqs6536trd6c4jcf49', 'j3ka11pqex6cpqk1xg7ok1od5hmarp', 1);

insert into otpremljena_roba (sifra_robe, sifra_otpremnice, komada_poslato) values ('h43hynaliswtj45u7wft594ksy1 if viynvf45j 7du4dqvd6yc046s0ljt9si5kif9s2733l2', '86qhgr43mdpj7jokh3u25qty2ak7xq', 4);

